titulo,fecha,descripcion,departamento,tipo,inmueble,precio,tamaño,dormitorios
Casa En Venta Zona,Publicado: 15 Marzo 2024,"CASA en venta, zona El Abra, Av. Túnel, una cuadra antes del primer semáforo, papeles al día. Cel. 77100962.",Cochabamba, Venta, Casa / Chalet,,,
Remato Casa En Avenida,Publicado: 15 Marzo 2024,"REMATO casa en avenida del Túnel Km 1, primer semáforo. 67525274.",Cochabamba, Venta, Casa / Chalet,,,
Casa En Venta Dos,Publicado: 15 Marzo 2024,"CASA  En venta dos departamentos independientes, en plena esquina doble vía, frente a cancha polifuncional área residencial, papeles al día trato directo con el dueño 79938329",Cochabamba, Venta, Casa / Chalet,,,
En Venta Lote De,Publicado: 15 Marzo 2024,"EN VENTA Lote de terreno zona norte Capacachi. Whatsapp 64146794, 76457404",Cochabamba, Venta, Lote / Terreno,,,
Garzonier En Alquiler Para,Publicado: 15 Marzo 2024,"GARZONIER en alquiler, para señora sola, zona norte. 60366120.",Cochabamba, Alquiler, Departamento,,,
En Alquiler Consultorio Dental,Publicado: 15 Marzo 2024,"EN ALQUILER consultorio dental, equipado, Pacata Baja. Cel. 79735978.",Cochabamba, Alquiler, Oficina,,,
Economico Alquilo Tienda Lanza,Publicado: 15 Marzo 2024,"ECONOMICO alquilo tienda, Lanza 350, entre Ecuador y Venezuela, una cuadra a plaza Colón. Cel. 71406578.",Cochabamba, Alquiler, Local Comercial,,,
Alquilo Habitaciones Para Estudiantes,Publicado: 15 Marzo 2024,"ALQUILO habitaciones, para estudiantes o persona sola, zona UMSS, Hospital Viedma, facultad Medicina, Bioquímica. 79368609.",Cochabamba, Alquiler, Habitación,,,
Necesito Un Departamento O,Publicado: 15 Marzo 2024,"NECESITO un departamento o garzonier en zona central, con uno o dos dormitorios. Telf. 70862855.",Cochabamba, Anticrético, Demanda,,,
Departamento En Anticrético Primer,Publicado: 15 Marzo 2024,"DEPARTAMENTO en anticrético, primer piso, barrio Marevi (Chimba). 73034552.",Cochabamba, Anticrético, Departamento,,,
Casa En Venta Barrio,Publicado: 15 Marzo 2024,"CASA en venta, barrio Adela Zamudio, IMBA, parada micro K. 73034552.",Cochabamba, Venta, Casa / Chalet,,,
Departamento Condominio Ubuntu A,Publicado: 15 Marzo 2024,"DEPARTAMENTO Condominio Ubuntu, a 3 cuadras de la Plaza de Cala Cala Torre de 25 pisos de entrega inmediata Supervisión de Obra: Ing. Pablo Soto Quiroga Cel. 71460400 últimos departamentos.",Cochabamba, Venta, Departamento,,,
Departamentos Condominio Oomoto En,Publicado: 15 Marzo 2024,"DEPARTAMENTOS Condominio OOMOTO. En Tiquipaya próximo al Colegio Tiquipaya. Más de 1 Hectárea de áreas comunes: 3 piscinas atemperadas, cabañas de churrasqueros, gimnasio y campos deportivos. Supervisión de Obra: Ing. Pablo Soto Quiroga. Cel. 71460400.",Cochabamba, Venta, Departamento,,,
Doy Departamentos En Anticrético,Publicado: 15 Marzo 2024,"DOY DEPARTAMENTOS En anticrético en Quillacollo cerca del Cine Center. Llamar 65330552, 70306558",Cochabamba, Anticrético, Departamento,,,
Departamentos Condominio Villa Fratterna,Publicado: 15 Marzo 2024,DEPARTAMENTOS Condominio VILLA FRATTERNA. Es como vivir en un Hotel de ***** Vive en comunidad. Supervisión de Obra: Ing. Pablo Soto Quiroga Cel: 71460400.,Cochabamba, Venta, Departamento,,,
Venta Local Comercial Salida,Publicado: 15 Marzo 2024,"VENTA local comercial, salida a calle, c/garaje, baño, cocineta, inmediaciones Stadium, WP. 75900145, 77457710.",Cochabamba, Venta, Local Comercial,,,
Departamento En Alquiler En,Publicado: 15 Marzo 2024,DEPARTAMENTO En alquiler en la zona sur Cel. 73793402.,Cochabamba, Alquiler, Departamento,,,
Inmediaciones Prado Casa Para,Publicado: 14 Marzo 2024,"INMEDIACIONES PRADO Casa para Instituciones, 2 ambientes, 2 tiendas, baños, patio, garaje amplio, 79788738",Cochabamba, Alquiler, Casa / Chalet,,,
Departamento En Anticrético Frente,Publicado: 13 Marzo 2024,"DEPARTAMENTO en anticrético, frente a un colegio en la zona Sumumpaya, Km 8, Blanco Galindo. Ref. 73797256, 4378923.",Cochabamba, Anticrético, Departamento,,,
Vendo Hermoso Departamento En,Publicado: 27 Marzo 2024,"VENDO hermoso departamento, en el 3er piso, del edificio ""La Fuente"", excelente oportunidad. Ref. 76161911, 72434684.",Cochabamba, Venta, Departamento,,,
Alquiler Tienda Trastienda Zona,Publicado: 27 Marzo 2024,"ALQUILER Tienda trastienda zona “la cancha” hacia Av. Republica 1411, 71744650.",Cochabamba, Alquiler, Local Comercial,,,
Alquilo Tienda Lanza N0350,Publicado: 27 Marzo 2024,"ALQUILO  tienda, Lanza N0350 entre Ecuador y Venezuela. Cel. 71406578.",Cochabamba, Alquiler, Local Comercial,,,
En Alquiler Consultorio Dental,Publicado: 27 Marzo 2024,"EN ALQUILER consultorio dental, equipado, Pacata baja. Cel. 79735978.",Cochabamba, Alquiler, Oficina,,,
Se Precisa Local Para,Publicado: 26 Marzo 2024,SE PRECISA Local para broasterìa en anticrètico. Tel. 72891321,Cochabamba, Alquiler, Demanda,,,
Lote En Venta En,Publicado: 26 Marzo 2024,"LOTE en venta, en Colcapirhua, Piñami sud y venta de lote, para nicho, Esquilan Agrario. Ref. 72252618, 67426393.",Cochabamba, Venta, Lote / Terreno,,,
Venta Local Comercial Salida,Publicado: 26 Marzo 2024,"VENTA local comercial, salida a calle, c/Garaje, baño, cocineta, inmediaciones Stadium, WP. 75900145, 77457710.",Cochabamba, Venta, Local Comercial,,,
Alquilo Habitación Servicios Wifi,Publicado: 26 Marzo 2024,"ALQUILO Habitación servicios wifi semiamoblado, pasando puente cobija 700 cocina baño compartido WhatsApp: 70723836.",Cochabamba, Alquiler, Habitación,,,
Familia Busca Casa En,Publicado: 24 Marzo 2024,Familia busca CASA EN ANTICRETICO. En zona norte u oeste de Cochabamba. WhatsApp 62645925,Cochabamba, Anticrético, Demanda,,,
Departamento En Venta Edificio,Publicado: 24 Marzo 2024,"DEPARTAMENTO En venta Edificio Ovando. Celular 77486775, 4244333 Ecuador y Ayacucho",Cochabamba, Venta, Departamento,,,
3 Oficinas En Alquiler,Publicado: 24 Marzo 2024,3 OFICINAS En alquiler zona central llamar 77486775 1º piso,Cochabamba, Alquiler, Oficina,,,
Departamento En Anticrético Ladislao,Publicado: 24 Marzo 2024,"DEPARTAMENTO En anticrético Ladislao cabrera y Ayacucho WhatsApp 72262996, 77486775",Cochabamba, Anticrético, Departamento,,,
Vendo Casa En Buenas,Publicado: 24 Marzo 2024,"VENDO casa en buenas condiciones, habitable, Villa Litoral, calle Cobija, camarones y terrenos agrícolas en Parotani - Tajra. 77480990, 76474702.",Cochabamba, Venta, Casa / Chalet,,,
Av 6 De Agosto,Publicado: 24 Marzo 2024,"AV. 6 DE AGOSTO alquiler o anticrético, amplio departamento, con terraza, primer piso, familia reducida. 78325321.",Cochabamba, Alquiler, Departamento,,,
Oficina Céntrica En Alquiler,Publicado: 24 Marzo 2024,"OFICINA céntrica, en alquiler. 70774733.",Cochabamba, Alquiler, Oficina,,,
Propietario Alquila Tienda En,Publicado: 24 Marzo 2024,"PROPIETARIO alquila tienda en galería, oficinas, con baño privado, Heroínas, Junín, 4500111, 60735555, abstenerse inmobiliarias.",Cochabamba, Alquiler, Local Comercial,,,
Propietario Vende 3 Hectáreas,Publicado: 24 Marzo 2024,"Propietario vende 3 hectáreas en Santa Cruz - Cotoca en medio de Urbanizaciones consolidadas, servicios básicos, sobre la carretera a Paurito, documentos en orden, precio 50. 000 dólares por hectárea. Cel.: 60034666",Cochabamba, Venta, Lote / Terreno,,,
Dueño Vende Casa Como,Publicado: 24 Marzo 2024,"DUEñO vende casa, como lote, Av. Chaco entre Daniel Campos, zona Chimba Cbba. Cel. 71409115.",Cochabamba, Venta, Casa / Chalet,,,
Casa En Venta Cbba,Publicado: 24 Marzo 2024,"CASA en venta, Cbba, Av. Petrolera, Km 4, con 3 tiendas, para cualquier negocio, garaje con tinglado y casa 2 plantas. Cel. 69500001.",Cochabamba, Venta, Casa / Chalet,,,
Propietaria Alquila Garzonier Beni,Publicado: 24 Marzo 2024,"PROPIETARIA alquila garzonier, Beni - Santa Cruz. 70143184.",Cochabamba, Alquiler, Departamento,,,
Alquilo Departamento De Tres,Publicado: 24 Marzo 2024,"ALQUILO Departamento de tres dormitorios y demàs dependencias, inmediaciones colegio Instituto Americano. Tel. 4451107, 65310075",Cochabamba, Alquiler, Departamento,,,
Departamento En Alquiler C,Publicado: 24 Marzo 2024,"DEPARTAMENTO En alquiler, c/s muebles. 1er. piso. Telf. 79725173.",Cochabamba, Alquiler, Departamento,,,
Espacio En Alquiler Para,Publicado: 24 Marzo 2024,"ESPACIO en alquiler, para depósito o cerrajería, en zona San Carlos. Cel. 76450008.",Cochabamba, Alquiler, Depósitos Galpones,,,
Departamento En Anticrético Tercer,Publicado: 24 Marzo 2024,"DEPARTAMENTO En anticrético, tercer piso. Telf. 79725173.",Cochabamba, Anticrético, Departamento,,,
Venta Local Comercial Salida,Publicado: 24 Marzo 2024,"VENTA local comercial, salida a calle, c/garaje, baño, cocineta, inmediaciones Stadium, WP. 75900145, 77457710.",Cochabamba, Venta, Local Comercial,,,
El Bosque Sud Casa,Publicado: 24 Marzo 2024,"EL BOSQUE SUD casa en venta a estrenar. 4481386, 70387409.",Cochabamba, Venta, Casa / Chalet,,,
Casa En Venta Gas,Publicado: 24 Marzo 2024,"CASA en venta, gas domiciliario, 6 baños, 3 departamentos, churrasquero, barrio Adela Zamudio (IMBA). 73034552.",Cochabamba, Venta, Casa / Chalet,,,
Alquilo O Vendo Casa,Publicado: 24 Marzo 2024,ALQUILO O vendo casa y departamento en pacata baja 75756827.,Cochabamba, Alquiler, Casa / Chalet,,,
Alquiler Casa En Condominio,Publicado: 24 Marzo 2024,"ALQUILER casa en condominio cerrado, con cuatro dormitorios, no aceptan mascotas, cerca Tranca Huayllani. 71703501.",Cochabamba, Alquiler, Casa / Chalet,,,
Tienda En Alquiler Calle,Publicado: 24 Marzo 2024,TIENDA En alquiler calle Colombia entre Oquendo y 16 de Julio 79950055.,Cochabamba, Alquiler, Local Comercial,,,
Casita A Medias Aguas,Publicado: 24 Marzo 2024,"CASITA a medias aguas, en venta, sobre Av. Beijing casi Juan de la Rosa, lugar apto para cualquier negocio, papeles al día. Ref. 79798942.",Cochabamba, Venta, Casa / Chalet,,,
Casa En Venta Av,Publicado: 24 Marzo 2024,CASA En venta Av. Rubén Darío Telf. 4238807.,Cochabamba, Venta, Casa / Chalet,,,
Excelente Oportunidad Casa En,Publicado: 24 Marzo 2024,"EXCELENTE OPORTUNIDAD casa en venta, precio de lote, 1 cuadra del Tránsito. 67407216.",Cochabamba, Venta, Casa / Chalet,,,
Credito Directo Vendemos Casas,Publicado: 24 Marzo 2024,"CREDITO DIRECTO. Vendemos casas grandes a estrenar para familia numerosa a crédito directo, Referencias al teléfono 76970059. Sector Colcapirhua y Tiquipaya. Referencias al teléfono 76970059.",Cochabamba, Venta, Casa / Chalet,,,
Hermosa Casa Minimalista Entrega,Publicado: 24 Marzo 2024,"HERMOSA  Casa minimalista entrega obra finalizada en 2 meses, detalles de lujo que podrás elegir. trato directo con dueños. 75973088",Cochabamba, Venta, Casa / Chalet,,,
Garzonier En Preventa Con,Publicado: 24 Marzo 2024,"GARZONIER  En preventa, con balcón, edificio con piscina, sauna, gimnasio. Ubicación residencial Av. América y Gabriel Rene Moreno. Info: 63903611",Cochabamba, Venta, Departamento,,,
Casa Nueva En Venta,Publicado: 24 Marzo 2024,"CASA nueva en venta, zona Tiquipaya (Sirpita Qollo), 3 niveles, 120.000 dólares. Ref. whatsapp. 67363519.",Cochabamba, Venta, Casa / Chalet,,,
Casa En Venta Económico,Publicado: 24 Marzo 2024,"CASA en venta, económico, charlable, zona norte, Vinto, lote en venta, papeles al día, cerca al mercado central, z/Vinto, lote en venta, económico, lado Col. Bolivia, z/norte, Qllo. Ref. 76431641, 67407029.",Cochabamba, Venta, Casa / Chalet,,,
En Venta Casa 3,Publicado: 24 Marzo 2024,"EN VENTA Casa 3 plantas, Circuito Bolivia 72261910.",Cochabamba, Venta, Casa / Chalet,,,
Vendo Casa Km 4,Publicado: 24 Marzo 2024,"VENDO Casa Km. 4 Circunvalación 2 cuadras norte sud, 73778815.",Cochabamba, Venta, Casa / Chalet,,,
Vendo Casa Económica Zona,Publicado: 24 Marzo 2024,VENDO Casa económica zona sud 73778815.,Cochabamba, Venta, Casa / Chalet,,,
Casa En Venta Por,Publicado: 24 Marzo 2024,"CASA En venta por viaje, dueña conversable 72765869.",Cochabamba, Venta, Casa / Chalet,,,
DueÑa Vende Casa Cerca,Publicado: 24 Marzo 2024,"DUEÑA Vende casa cerca a la Av. Gabriel Rene Moreno y Parque Demetrio Canelas. Referencias 76450690, 69020712",Cochabamba, Venta, Casa / Chalet,,,
Dueño Por Motivo Viaje,Publicado: 24 Marzo 2024,DUEñO Por motivo viaje vende Departamento U. Católica 63991849,Cochabamba, Venta, Departamento,,,
Vendo O Permuto Precioso,Publicado: 24 Marzo 2024,"Vendo o permuto precioso departamento con o sin muebles. (3 suites, terraza, 5 baños, cuartos de servicio y lavado, parqueo, áreas comunes con piscina atemperada y otros. Zona Norte (Av. Santa Cruz y Ciclovía) En caso de permuta acepto departamento o casita nuevos o para remodelar. Telf: 70714747 ó...",Cochabamba, Venta, Departamento,,,
10 500 Lotes A,Publicado: 24 Marzo 2024,"10.500 LOTES A crèdito en Tarata, cuotas de acuerdo a su bolsillo. Tel. 77411957, 60736288",Cochabamba, Venta, Lote / Terreno,,,
DueÑa Vende Lote En,Publicado: 24 Marzo 2024,"DUEÑA Vende lote en excelente ubicación América y Manchaypuito. Sin intermediarios. Ref. 77911927, 77409101, 4242973",Cochabamba, Venta, Lote / Terreno,,,
Venta O Anticr Tico,Publicado: 24 Marzo 2024,"VENTA O anticrètico cèntrica oficina, 3 ambientes. Tel. 77411957, 60736888",Cochabamba, Venta, Oficina,,,
Vendo Espacio Cementerio Concordia,Publicado: 24 Marzo 2024,"VENDO Espacio, Cementerio Concordia Sección Robles Telf. 4441910, 72735385.",Cochabamba, Venta, Varios,,,
De Ocasion Y Por,Publicado: 24 Marzo 2024,DE OCASION Y por motivo de salud en venta nicho en la Concordia sector Olivos Cel. 64484476,Cochabamba, Venta, Varios,,,
Casa En Alquiler Pacata,Publicado: 24 Marzo 2024,"CASA en alquiler, Pacata Alta, calle 5, tras colegio Calvert. Telf. 4483097, 7719057.(*)",Cochabamba, Alquiler, Casa / Chalet,,,
Alquilo Amplia Casa Con,Publicado: 24 Marzo 2024,"ALQUILO amplia casa, con garaje y parrillero. Ref. 70764364, 62618540, Ubic. Inst. Americano.",Cochabamba, Alquiler, Casa / Chalet,,,
Alquiler Casa Independiente Con,Publicado: 24 Marzo 2024,"ALQUILER Casa independiente con un departamento de dos dormitorios, uno con ropero, living, comedor, cocina (cajonerìa alta y baja), gas domiciliario, baño, garaje y jardìn. No mascotas, no whatsapp , directo con el dueño Villa Granado 79974409",Cochabamba, Alquiler, Casa / Chalet,,,
Atencion Empresas Se Alquila,Publicado: 24 Marzo 2024,"ATENCION EMPRESAS se alquila casa amplia, con varios ambientes, para oficinas, con garaje, para 4 mibilidades, zona norte, c/Felix del Granado, entre Teófilo Vargas y Obispo Anaya Nro 30. 71700569, 4414044.",Cochabamba, Alquiler, Casa / Chalet,,,
Se Alquila Un Departamento,Publicado: 24 Marzo 2024,"SE ALQUILA un departamento pequeño, Km 5, subiendo Av. Octava hasta colegio Huggies Schools, doblarse a la mano izquierda, 2 cuadras pequeñas. Telf. 4712244.",Cochabamba, Alquiler, Departamento,,,
Alquilo Departamento Independiente Zona,Publicado: 24 Marzo 2024,"ALQUILO Departamento independiente, zona Colcapirhua, tres dormitorios, baño, sala, comedor 76991217, 79005580.",Cochabamba, Alquiler, Departamento,,,
Se Alquila Mono Ambiente,Publicado: 24 Marzo 2024,"SE ALQUILA mono ambiente, amoblado, España y Ecuador. 68226521.",Cochabamba, Alquiler, Departamento,,,
Alquilo Garzoniers Villa Pagador,Publicado: 24 Marzo 2024,"ALQUILO Garzoniers Villa Pagador. Telf. 4442067, 72735385.",Cochabamba, Alquiler, Departamento,,,
Alquilo Departamento Auxiliar A,Publicado: 24 Marzo 2024,"ALQUILO departamento auxiliar, a 2 cuadras de la U. Católica. 70762274.",Cochabamba, Alquiler, Departamento,,,
Bonito Departamento En Planta,Publicado: 24 Marzo 2024,"BONITO Departamento en planta baja cocina comedor dormitorio amplio living y patio p/moto Final América Oeste Urb. Promotora Ref. 71722557, 71726100",Cochabamba, Alquiler, Departamento,,,
Garzonier Alquiler Zona Rotonda,Publicado: 24 Marzo 2024,"GARZONIER Alquiler zona Rotonda Peru y d´Orbigny un departamento, living, comedor, cocina, patio, baño privado, sin garaje. Cel. 71444038",Cochabamba, Alquiler, Departamento,,,
DueÑo Alquila Hermoso Garzonier,Publicado: 24 Marzo 2024,"DUEÑO Alquila hermoso garzonier en excelente ubicación. Ref. 4413326, 75463025",Cochabamba, Alquiler, Departamento,,,
Alquiler Departamento Tres Dormitorios,Publicado: 24 Marzo 2024,"ALQUILER Departamento tres dormitorios, con dependencias, edificio Puerto Vallarta calle Pedro Blanco y Trinidad. 77427944",Cochabamba, Alquiler, Departamento,,,
Templo Cala Cala Hermoso,Publicado: 24 Marzo 2024,"TEMPLO CALA CALA  Hermoso departamento amoblado, 1 suite, garaje, piscina. Época bienes Raíces. 62624601",Cochabamba, Alquiler, Departamento,,,
Alquiler Local Comercial 10x3,Publicado: 24 Marzo 2024,"ALQUILER Local comercial 10x3 mts2. con baño privado, calle Beni Nº 236 Ref. 69443403",Cochabamba, Alquiler, Local Comercial,,,
Tiendas En Alquiler Frente,Publicado: 24 Marzo 2024,"TIENDAS en alquiler, frente al parque urbano, Ollantay y en la Av. General Campero. Ref. 4446393, 72702593.",Cochabamba, Alquiler, Local Comercial,,,
Alquilo Tienda Céntrica Paccieri,Publicado: 24 Marzo 2024,ALQUILO Tienda céntrica. Paccieri esquina Antezana. Whatsapp 65510897,Cochabamba, Alquiler, Local Comercial,,,
Cuartos En Alquiler Todo,Publicado: 24 Marzo 2024,"CUARTOS en alquiler, todo incluido, agua, luz, UV CB, internet, con garaje o sin garaje. Cel. 69627219.",Cochabamba, Alquiler, Habitación,,,
Alquilo Habitación Cocina Baño,Publicado: 24 Marzo 2024,"ALQUILO habitación, cocina, baño privado, Circunvalación, Potosí, Violetas. 71705836, 4591672.",Cochabamba, Alquiler, Habitación,,,
Alquiler Dos Cuartos Con,Publicado: 24 Marzo 2024,"ALQUILER Dos cuartos con cocina y baño, Villa Granado. 79974409",Cochabamba, Alquiler, Habitación,,,
Cuarto Amplio Alquiler Baño,Publicado: 24 Marzo 2024,"CUARTO Amplio alquiler, baño compartido, zona ELFEC, calle Suipacha entre Santiváñez y Jordàn. 77427944",Cochabamba, Alquiler, Habitación,,,
Alquilo Habitación Zona Prado,Publicado: 24 Marzo 2024,ALQUILO Habitación zona Prado y mercado 10 de Febrero. 4404006,Cochabamba, Alquiler, Habitación,,,
Se Alquila Habitación Amplia,Publicado: 24 Marzo 2024,SE ALQUILA Habitación amplia con WiFi a señorita estudiante cerca al Parque Excombatientes. Cel. 72262547,Cochabamba, Alquiler, Habitación,,,
Alquilo Tinglado Oficinas Vivienda,Publicado: 24 Marzo 2024,"ALQUILO Tinglado, oficinas, vivienda, apto para empresas, avenida Amèrica casi Beijing. 76933276",Cochabamba, Alquiler, Depósitos Galpones,,,
Departamento Anticrético De 4,Publicado: 24 Marzo 2024,"DEPARTAMENTO anticrético, de 4 habitaciones, con dependencias, zona base Aérea, Av. Cabildo. Ref. 75498516, 78310953.",Cochabamba, Anticrético, Departamento,,,
Anticretico Cuarto Con Baño,Publicado: 24 Marzo 2024,"ANTICRETICO cuarto con baño privado, a estudiante en Pq. La Torre. Ref. 60343074.",Cochabamba, Anticrético, Habitación,,,
Anticretico Amplia Habitación Sanitarios,Publicado: 24 Marzo 2024,"ANTICRETICO Amplia habitación, sanitarios compartidos dólares 2.800 charlable, Melchor Pérez entrega inmediata 69499547.",Cochabamba, Anticrético, Habitación,,,
Anticretico Amplia Habitación Baño,Publicado: 24 Marzo 2024,"ANTICRETICO Amplia habitación, baño privado, parqueo motos, dólares 4.300 charlable Melchor Pérez entrega inmediata 77452985.",Cochabamba, Anticrético, Habitación,,,
DueÑa De Casa Alquila,Publicado: 28 Marzo 2024,"DUEÑA De casa, alquila o vende casa y departamento, pacata baja 75756827.",Cochabamba, Alquiler, Casa / Chalet,,,
Departamento En Alquiler Zona,Publicado: 28 Marzo 2024,"DEPARTAMENTO En alquiler zona norte 3 habitaciones y dependencias, Telf. 75981558.",Cochabamba, Alquiler, Departamento,,,
Alquiler Departamentos Garzonier Cerca,Publicado: 28 Marzo 2024,"ALQUILER departamentos, garzonier, cerca Medicina, UMSS, EMI, Católica. 2 formas. 72209500.",Cochabamba, Alquiler, Departamento,,,
Tienda En Alquiler Calle,Publicado: 28 Marzo 2024,"TIENDA En alquiler, calle Colombia entre Oquendo y 16 de Julio 79950055.",Cochabamba, Alquiler, Local Comercial,,,
Alquiler Tienda Grande 17x5,Publicado: 28 Marzo 2024,ALQUILER Tienda grande 17x5 m Mechor Pérez 1058 Excombatientes. 72251604,Cochabamba, Alquiler, Local Comercial,,,
Anticretico O Venta Casa,Publicado: 28 Marzo 2024,"ANTICRETICO o venta, casa amplia, 2 plantas, independiente, Av. Villazón, Km 6. 77967040, 4583207, propietaria.",Cochabamba, Anticrético, Casa / Chalet,,,
Anticretico Departamento En Tiquipaya,Publicado: 28 Marzo 2024,"ANTICRETICO departamento, en Tiquipaya. Ref. 72309484.",Cochabamba, Anticrético, Departamento,,,
Anticretico Dep Familia Reducida,Publicado: 28 Marzo 2024,"ANTICRETICO Dep. familia reducida, pacata. Ref. 76139405.",Cochabamba, Anticrético, Departamento,,,
Oficina Céntrica En Alquiler,Publicado: 28 Marzo 2024,"OFICINA céntrica, en alquiler. 70774733.",Cochabamba, Alquiler, Oficina,,,
DueÑa Vende Lote En,Publicado: 28 Marzo 2024,"DUEÑA Vende lote en excelente ubicación América y Manchaypuito. Sin intermediarios. Ref. 77911927, 77409101, 4242973",Cochabamba, Venta, Lote / Terreno,,,
Lote En Venta En,Publicado: 28 Marzo 2024,"LOTE en venta, en Colcapirhua, Piñami sud y venta de lote, para nicho, Esquilan Agrario. Ref. 72252618, 67426393.",Cochabamba, Venta, Lote / Terreno,,,
Venta Local Comercial Salida,Publicado: 28 Marzo 2024,"VENTA local comercial, salida a calle, c/Garaje, baño, cocineta, inmediaciones Stadium, WP. 75900145, 77457710.",Cochabamba, Venta, Local Comercial,,,
Vendo Hermoso Departamento En,Publicado: 28 Marzo 2024,"VENDO hermoso departamento, en el 3er piso, del edificio ""La Fuente"", excelente oportunidad. Ref. 76161911, 72434684.",Cochabamba, Venta, Departamento,,,
Casita A Medias Aguas,Publicado: 29 Marzo 2024,"CASITA a medias aguas, en venta sobre la Av. Beijing casi Juan de la Rosa, apto para cualquier negocio, papeles en orden. Ref. 79798942.",Cochabamba, Venta, Casa / Chalet,,,
En Alquiler Departamentos De,Publicado: 29 Marzo 2024,"EN ALQUILER departamentos, de 2 y 3 habitaciones, zona central, trato con propietario. Ref. 68510059.",Cochabamba, Alquiler, Departamento,,,
Alquilo Amplio Dependencias C,Publicado: 29 Marzo 2024,"ALQUILO Amplio dependencias c/todas las dependencias en Av. Tadeo Haenke 77967615, 4401242",Cochabamba, Alquiler, Departamento,,,
Alquilo Hermoso Departamento Para,Publicado: 29 Marzo 2024,"ALQUILO hermoso departamento, para vivienda y/o para ambiente de oficinas, con 4 habitaciones, 2 baños completos, living comedor, con parquet, cocina amplia, cajonería alta y baja, roperos empotrados en todas las habitaciones, parqueo, baulera y lavandería, zona Hipódromo. Ref. 62652661.",Cochabamba, Alquiler, Departamento,,,
Anticretico Departamentos Cómodos Amplios,Publicado: 29 Marzo 2024,"ANTICRETICO departamentos, cómodos, amplios, Av. Killmann, con garaje, entrega inmediata. Ref. 77967040, 4583207, propietaria.",Cochabamba, Anticrético, Departamento,,,
Departamento En Anticrético A,Publicado: 29 Marzo 2024,"DEPARTAMENTO en anticrético, a 2 cuadras de la venta de motos de la 6 de agosto, medidores independientes, calle Ñuflo de Chavez 2242, 2do piso, dueño. 70717852.",Cochabamba, Anticrético, Departamento,,,
Vendo Hermoso Departamento En,Publicado: 29 Marzo 2024,"VENDO hermoso departamento, en el 3er piso, del edificio ""La Fuente"", excelente oportunidad. Ref. 76161911, 72434684.",Cochabamba, Venta, Departamento,,,
Lote En Venta En,Publicado: 29 Marzo 2024,"LOTE en venta, en Colcapirhua, Piñami sud y venta de lote, para nicho, Esquilan Agrario. Ref. 72252618, 67426393.",Cochabamba, Venta, Lote / Terreno,,,
DueÑa De Casa Alquila,Publicado: 29 Marzo 2024,"DUEÑA De casa, alquila o vende casa y departamento, pacata baja 75756827.",Cochabamba, Alquiler, Casa / Chalet,,,
Alquiler Tienda Grande 17x5,Publicado: 29 Marzo 2024,ALQUILER Tienda grande 17x5 m Mechor Pérez 1058 Excombatientes. 72251604,Cochabamba, Alquiler, Local Comercial,,,
Anticretico Departamento En Tiquipaya,Publicado: 29 Marzo 2024,"ANTICRETICO departamento, en Tiquipaya. Ref. 72309484.",Cochabamba, Anticrético, Departamento,,,
Anticretico Dep Familia Reducida,Publicado: 29 Marzo 2024,"ANTICRETICO Dep. familia reducida, pacata. Ref. 76139405.",Cochabamba, Anticrético, Departamento,,,
