ID_PROMOCIONES,ID_SOLICITUD_TARIFA_PROMOCION,FECHA_ESTADO,NOMBRE_PROMOCION,ID_OPERADOR,FECHA_INICIO,FECHA_FIN,NOMBRE_COMERCIAL,RAZON_SOCIAL,FECHA_REGISTRO,ID_ESTADO_SOLICITUD,DEPARTAMENTO,ID_PROMOCIONES_SERVICIOS,ID_SERVICIO_TELECOM,PREPAGO_MOVIL,POSTPAGO_MOVIL,PAQUETE_MOVIL,PLAN_MOVIL,MEGAS_MOVIL,PAQUETE_CABLE,PLAN_CABLE,TELEFONIA_FIJA,INTERNET_FIJO,BOLSAS_MOVIL,ADD_MOVIL,OTROS_LARGA_DISTANCIA,OTROS_VALOR_AGREGADO,OTROS_ROAMING_INTERNACIONAL,OTROS_ACCESO_PUBLICO,OTROS_PORTADORES,OTROS,DSENALES_INTERNET_TELEFONIA_MOVIL,DSENALES_INTERNET,DSENALES_TELEFONIA_MOVIL,INTERNET_TELEFONIA_MOVIL,TELEFONIA_MOVIL,INTERNET_MOVIL,TV_CABLE,SERVICIOS_FIJOS,OTROS_SERVICIOS
1756,17160,2024-04-01 09:34:43,MODERNÃ­ZATE,384,03/04/2024,02/08/2024,TELECEL S.A.,,2024-03-28 10:01:43,4,Potosi,1699,6,f,f,f,f,f,f,f,f,f,f,f,f,f,f,f,f,t,f,f,f,f,,,,,OTROS
1756,17160,2024-04-01 09:34:43,MODERNÃ­ZATE,384,03/04/2024,02/08/2024,TELECEL S.A.,,2024-03-28 10:01:43,4,Tarija,1699,6,f,f,f,f,f,f,f,f,f,f,f,f,f,f,f,f,t,f,f,f,f,,,,,OTROS
1756,17160,2024-04-01 09:34:43,MODERNÃ­ZATE,384,03/04/2024,02/08/2024,TELECEL S.A.,,2024-03-28 10:01:43,4,Oruro,1699,6,f,f,f,f,f,f,f,f,f,f,f,f,f,f,f,f,t,f,f,f,f,,,,,OTROS
1756,17160,2024-04-01 09:34:43,MODERNÃ­ZATE,384,03/04/2024,02/08/2024,TELECEL S.A.,,2024-03-28 10:01:43,4,Santa Cruz,1699,6,f,f,f,f,f,f,f,f,f,f,f,f,f,f,f,f,t,f,f,f,f,,,,,OTROS
1756,17160,2024-04-01 09:34:43,MODERNÃ­ZATE,384,03/04/2024,02/08/2024,TELECEL S.A.,,2024-03-28 10:01:43,4,Cochabamba,1699,6,f,f,f,f,f,f,f,f,f,f,f,f,f,f,f,f,t,f,f,f,f,,,,,OTROS
1756,17160,2024-04-01 09:34:43,MODERNÃ­ZATE,384,03/04/2024,02/08/2024,TELECEL S.A.,,2024-03-28 10:01:43,4,La Paz,1699,6,f,f,f,f,f,f,f,f,f,f,f,f,f,f,f,f,t,f,f,f,f,,,,,OTROS
1756,17160,2024-04-01 09:34:43,MODERNÃ­ZATE,384,03/04/2024,02/08/2024,TELECEL S.A.,,2024-03-28 10:01:43,4,Chuquisaca,1699,6,f,f,f,f,f,f,f,f,f,f,f,f,f,f,f,f,t,f,f,f,f,,,,,OTROS
1755,17159,2024-03-27 17:43:51, âSUPER COMBOSâ,34,01/04/2024,07/04/2024,ENTEL S.A.,,2024-03-27 15:05:11,4,Santa Cruz,1698,6,t,t,f,f,f,f,f,f,f,t,f,f,f,f,f,f,f,f,f,f,f,PREPAGO MÃVIL<br>POSTPAGO MÃVIL,BOLSAS MÃVIL<br>,,,
1755,17159,2024-03-27 17:43:51, âSUPER COMBOSâ,34,01/04/2024,07/04/2024,ENTEL S.A.,,2024-03-27 15:05:11,4,La Paz,1698,6,t,t,f,f,f,f,f,f,f,t,f,f,f,f,f,f,f,f,f,f,f,PREPAGO MÃVIL<br>POSTPAGO MÃVIL,BOLSAS MÃVIL<br>,,,
1755,17159,2024-03-27 17:43:51, âSUPER COMBOSâ,34,01/04/2024,07/04/2024,ENTEL S.A.,,2024-03-27 15:05:11,4,Cochabamba,1698,6,t,t,f,f,f,f,f,f,f,t,f,f,f,f,f,f,f,f,f,f,f,PREPAGO MÃVIL<br>POSTPAGO MÃVIL,BOLSAS MÃVIL<br>,,,
1755,17159,2024-03-27 17:43:51, âSUPER COMBOSâ,34,01/04/2024,07/04/2024,ENTEL S.A.,,2024-03-27 15:05:11,4,Pando,1698,6,t,t,f,f,f,f,f,f,f,t,f,f,f,f,f,f,f,f,f,f,f,PREPAGO MÃVIL<br>POSTPAGO MÃVIL,BOLSAS MÃVIL<br>,,,
1755,17159,2024-03-27 17:43:51, âSUPER COMBOSâ,34,01/04/2024,07/04/2024,ENTEL S.A.,,2024-03-27 15:05:11,4,Beni,1698,6,t,t,f,f,f,f,f,f,f,t,f,f,f,f,f,f,f,f,f,f,f,PREPAGO MÃVIL<br>POSTPAGO MÃVIL,BOLSAS MÃVIL<br>,,,
1755,17159,2024-03-27 17:43:51, âSUPER COMBOSâ,34,01/04/2024,07/04/2024,ENTEL S.A.,,2024-03-27 15:05:11,4,Chuquisaca,1698,6,t,t,f,f,f,f,f,f,f,t,f,f,f,f,f,f,f,f,f,f,f,PREPAGO MÃVIL<br>POSTPAGO MÃVIL,BOLSAS MÃVIL<br>,,,
1755,17159,2024-03-27 17:43:51, âSUPER COMBOSâ,34,01/04/2024,07/04/2024,ENTEL S.A.,,2024-03-27 15:05:11,4,Potosi,1698,6,t,t,f,f,f,f,f,f,f,t,f,f,f,f,f,f,f,f,f,f,f,PREPAGO MÃVIL<br>POSTPAGO MÃVIL,BOLSAS MÃVIL<br>,,,
1755,17159,2024-03-27 17:43:51, âSUPER COMBOSâ,34,01/04/2024,07/04/2024,ENTEL S.A.,,2024-03-27 15:05:11,4,Tarija,1698,6,t,t,f,f,f,f,f,f,f,t,f,f,f,f,f,f,f,f,f,f,f,PREPAGO MÃVIL<br>POSTPAGO MÃVIL,BOLSAS MÃVIL<br>,,,
1755,17159,2024-03-27 17:43:51, âSUPER COMBOSâ,34,01/04/2024,07/04/2024,ENTEL S.A.,,2024-03-27 15:05:11,4,Oruro,1698,6,t,t,f,f,f,f,f,f,f,t,f,f,f,f,f,f,f,f,f,f,f,PREPAGO MÃVIL<br>POSTPAGO MÃVIL,BOLSAS MÃVIL<br>,,,
1754,17154,2024-03-27 11:49:07,PLAN SATELITAL OTOÃ±O,481,01/04/2024,30/06/2024,TUVES S.A.,,2024-03-27 10:53:57,4,Cochabamba,1697,6,f,f,f,f,f,f,t,f,f,f,f,f,f,f,f,f,f,f,f,f,f,,,PLANES,,
1754,17154,2024-03-27 11:49:07,PLAN SATELITAL OTOÃ±O,481,01/04/2024,30/06/2024,TUVES S.A.,,2024-03-27 10:53:57,4,Pando,1697,6,f,f,f,f,f,f,t,f,f,f,f,f,f,f,f,f,f,f,f,f,f,,,PLANES,,
1754,17154,2024-03-27 11:49:07,PLAN SATELITAL OTOÃ±O,481,01/04/2024,30/06/2024,TUVES S.A.,,2024-03-27 10:53:57,4,Beni,1697,6,f,f,f,f,f,f,t,f,f,f,f,f,f,f,f,f,f,f,f,f,f,,,PLANES,,
1754,17154,2024-03-27 11:49:07,PLAN SATELITAL OTOÃ±O,481,01/04/2024,30/06/2024,TUVES S.A.,,2024-03-27 10:53:57,4,Chuquisaca,1697,6,f,f,f,f,f,f,t,f,f,f,f,f,f,f,f,f,f,f,f,f,f,,,PLANES,,
1754,17154,2024-03-27 11:49:07,PLAN SATELITAL OTOÃ±O,481,01/04/2024,30/06/2024,TUVES S.A.,,2024-03-27 10:53:57,4,Potosi,1697,6,f,f,f,f,f,f,t,f,f,f,f,f,f,f,f,f,f,f,f,f,f,,,PLANES,,
1754,17154,2024-03-27 11:49:07,PLAN SATELITAL OTOÃ±O,481,01/04/2024,30/06/2024,TUVES S.A.,,2024-03-27 10:53:57,4,Tarija,1697,6,f,f,f,f,f,f,t,f,f,f,f,f,f,f,f,f,f,f,f,f,f,,,PLANES,,
1754,17154,2024-03-27 11:49:07,PLAN SATELITAL OTOÃ±O,481,01/04/2024,30/06/2024,TUVES S.A.,,2024-03-27 10:53:57,4,Oruro,1697,6,f,f,f,f,f,f,t,f,f,f,f,f,f,f,f,f,f,f,f,f,f,,,PLANES,,
1754,17154,2024-03-27 11:49:07,PLAN SATELITAL OTOÃ±O,481,01/04/2024,30/06/2024,TUVES S.A.,,2024-03-27 10:53:57,4,Santa Cruz,1697,6,f,f,f,f,f,f,t,f,f,f,f,f,f,f,f,f,f,f,f,f,f,,,PLANES,,
1754,17154,2024-03-27 11:49:07,PLAN SATELITAL OTOÃ±O,481,01/04/2024,30/06/2024,TUVES S.A.,,2024-03-27 10:53:57,4,La Paz,1697,6,f,f,f,f,f,f,t,f,f,f,f,f,f,f,f,f,f,f,f,f,f,,,PLANES,,
1753,17153,2024-03-26 16:49:07,83 ANIVERSARIO DE COTEL,475,01/04/2024,30/04/2024,COTEL R.L.,,2024-03-26 10:13:36,4,La Paz,1696,6,f,f,f,f,f,f,f,t,f,f,f,f,f,f,f,f,f,f,f,f,f,,,,TELÃFONIA<br>,
1752,17152,2024-03-25 16:35:50,DOS POR UNO,475,01/04/2024,30/04/2024,COTEL R.L.,,2024-03-25 16:11:55,4,La Paz,1695,6,f,f,f,f,f,f,t,f,f,f,f,f,f,f,f,f,f,f,f,f,f,,,PLANES,,
1748,17148,2024-03-22 16:07:51,PROMOCIÃN RECARGA DIGITAL VIVA 20%,421,23/03/2024,23/07/2024,NUEVATEL PCS,,2024-03-22 13:47:54,4,Cochabamba,1691,6,t,t,f,f,f,f,f,f,f,f,f,f,f,f,f,f,t,f,f,f,f,PREPAGO MÃVIL<br>POSTPAGO MÃVIL,,,,OTROS
1748,17148,2024-03-22 16:07:51,PROMOCIÃN RECARGA DIGITAL VIVA 20%,421,23/03/2024,23/07/2024,NUEVATEL PCS,,2024-03-22 13:47:54,4,Pando,1691,6,t,t,f,f,f,f,f,f,f,f,f,f,f,f,f,f,t,f,f,f,f,PREPAGO MÃVIL<br>POSTPAGO MÃVIL,,,,OTROS
1748,17148,2024-03-22 16:07:51,PROMOCIÃN RECARGA DIGITAL VIVA 20%,421,23/03/2024,23/07/2024,NUEVATEL PCS,,2024-03-22 13:47:54,4,Beni,1691,6,t,t,f,f,f,f,f,f,f,f,f,f,f,f,f,f,t,f,f,f,f,PREPAGO MÃVIL<br>POSTPAGO MÃVIL,,,,OTROS
1748,17148,2024-03-22 16:07:51,PROMOCIÃN RECARGA DIGITAL VIVA 20%,421,23/03/2024,23/07/2024,NUEVATEL PCS,,2024-03-22 13:47:54,4,Chuquisaca,1691,6,t,t,f,f,f,f,f,f,f,f,f,f,f,f,f,f,t,f,f,f,f,PREPAGO MÃVIL<br>POSTPAGO MÃVIL,,,,OTROS
1748,17148,2024-03-22 16:07:51,PROMOCIÃN RECARGA DIGITAL VIVA 20%,421,23/03/2024,23/07/2024,NUEVATEL PCS,,2024-03-22 13:47:54,4,Potosi,1691,6,t,t,f,f,f,f,f,f,f,f,f,f,f,f,f,f,t,f,f,f,f,PREPAGO MÃVIL<br>POSTPAGO MÃVIL,,,,OTROS
1748,17148,2024-03-22 16:07:51,PROMOCIÃN RECARGA DIGITAL VIVA 20%,421,23/03/2024,23/07/2024,NUEVATEL PCS,,2024-03-22 13:47:54,4,Tarija,1691,6,t,t,f,f,f,f,f,f,f,f,f,f,f,f,f,f,t,f,f,f,f,PREPAGO MÃVIL<br>POSTPAGO MÃVIL,,,,OTROS
1748,17148,2024-03-22 16:07:51,PROMOCIÃN RECARGA DIGITAL VIVA 20%,421,23/03/2024,23/07/2024,NUEVATEL PCS,,2024-03-22 13:47:54,4,Oruro,1691,6,t,t,f,f,f,f,f,f,f,f,f,f,f,f,f,f,t,f,f,f,f,PREPAGO MÃVIL<br>POSTPAGO MÃVIL,,,,OTROS
1748,17148,2024-03-22 16:07:51,PROMOCIÃN RECARGA DIGITAL VIVA 20%,421,23/03/2024,23/07/2024,NUEVATEL PCS,,2024-03-22 13:47:54,4,Santa Cruz,1691,6,t,t,f,f,f,f,f,f,f,f,f,f,f,f,f,f,t,f,f,f,f,PREPAGO MÃVIL<br>POSTPAGO MÃVIL,,,,OTROS
1748,17148,2024-03-22 16:07:51,PROMOCIÃN RECARGA DIGITAL VIVA 20%,421,23/03/2024,23/07/2024,NUEVATEL PCS,,2024-03-22 13:47:54,4,La Paz,1691,6,t,t,f,f,f,f,f,f,f,f,f,f,f,f,f,f,t,f,f,f,f,PREPAGO MÃVIL<br>POSTPAGO MÃVIL,,,,OTROS
1745,17134,2024-03-14 12:42:20,PLAN ESTÃNDAR SÃLO A BS 5 ,34,17/03/2024,16/04/2024,ENTEL S.A.,,2024-03-14 10:36:13,4,Chuquisaca,1688,6,t,t,f,f,f,f,f,f,f,t,f,f,f,f,f,f,f,f,f,f,f,PREPAGO MÃVIL<br>POSTPAGO MÃVIL,BOLSAS MÃVIL<br>,,,
1745,17134,2024-03-14 12:42:20,PLAN ESTÃNDAR SÃLO A BS 5 ,34,17/03/2024,16/04/2024,ENTEL S.A.,,2024-03-14 10:36:13,4,Pando,1688,6,t,t,f,f,f,f,f,f,f,t,f,f,f,f,f,f,f,f,f,f,f,PREPAGO MÃVIL<br>POSTPAGO MÃVIL,BOLSAS MÃVIL<br>,,,
1745,17134,2024-03-14 12:42:20,PLAN ESTÃNDAR SÃLO A BS 5 ,34,17/03/2024,16/04/2024,ENTEL S.A.,,2024-03-14 10:36:13,4,Beni,1688,6,t,t,f,f,f,f,f,f,f,t,f,f,f,f,f,f,f,f,f,f,f,PREPAGO MÃVIL<br>POSTPAGO MÃVIL,BOLSAS MÃVIL<br>,,,
1745,17134,2024-03-14 12:42:20,PLAN ESTÃNDAR SÃLO A BS 5 ,34,17/03/2024,16/04/2024,ENTEL S.A.,,2024-03-14 10:36:13,4,Potosi,1688,6,t,t,f,f,f,f,f,f,f,t,f,f,f,f,f,f,f,f,f,f,f,PREPAGO MÃVIL<br>POSTPAGO MÃVIL,BOLSAS MÃVIL<br>,,,
1745,17134,2024-03-14 12:42:20,PLAN ESTÃNDAR SÃLO A BS 5 ,34,17/03/2024,16/04/2024,ENTEL S.A.,,2024-03-14 10:36:13,4,Tarija,1688,6,t,t,f,f,f,f,f,f,f,t,f,f,f,f,f,f,f,f,f,f,f,PREPAGO MÃVIL<br>POSTPAGO MÃVIL,BOLSAS MÃVIL<br>,,,
1745,17134,2024-03-14 12:42:20,PLAN ESTÃNDAR SÃLO A BS 5 ,34,17/03/2024,16/04/2024,ENTEL S.A.,,2024-03-14 10:36:13,4,Oruro,1688,6,t,t,f,f,f,f,f,f,f,t,f,f,f,f,f,f,f,f,f,f,f,PREPAGO MÃVIL<br>POSTPAGO MÃVIL,BOLSAS MÃVIL<br>,,,
1745,17134,2024-03-14 12:42:20,PLAN ESTÃNDAR SÃLO A BS 5 ,34,17/03/2024,16/04/2024,ENTEL S.A.,,2024-03-14 10:36:13,4,Santa Cruz,1688,6,t,t,f,f,f,f,f,f,f,t,f,f,f,f,f,f,f,f,f,f,f,PREPAGO MÃVIL<br>POSTPAGO MÃVIL,BOLSAS MÃVIL<br>,,,
1745,17134,2024-03-14 12:42:20,PLAN ESTÃNDAR SÃLO A BS 5 ,34,17/03/2024,16/04/2024,ENTEL S.A.,,2024-03-14 10:36:13,4,Cochabamba,1688,6,t,t,f,f,f,f,f,f,f,t,f,f,f,f,f,f,f,f,f,f,f,PREPAGO MÃVIL<br>POSTPAGO MÃVIL,BOLSAS MÃVIL<br>,,,
1745,17134,2024-03-14 12:42:20,PLAN ESTÃNDAR SÃLO A BS 5 ,34,17/03/2024,16/04/2024,ENTEL S.A.,,2024-03-14 10:36:13,4,La Paz,1688,6,t,t,f,f,f,f,f,f,f,t,f,f,f,f,f,f,f,f,f,f,f,PREPAGO MÃVIL<br>POSTPAGO MÃVIL,BOLSAS MÃVIL<br>,,,
1744,17089,2024-03-13 16:18:52,ORO FUTBOLERO,384,15/03/2024,14/06/2024,TELECEL S.A.,,2024-03-13 12:04:43,4,La Paz,1687,6,f,f,f,f,f,f,f,f,f,f,f,f,f,f,f,f,f,f,f,t,f,,,,,
1744,17089,2024-03-13 16:18:52,ORO FUTBOLERO,384,15/03/2024,14/06/2024,TELECEL S.A.,,2024-03-13 12:04:43,4,Pando,1687,6,f,f,f,f,f,f,f,f,f,f,f,f,f,f,f,f,f,f,f,t,f,,,,,
1744,17089,2024-03-13 16:18:52,ORO FUTBOLERO,384,15/03/2024,14/06/2024,TELECEL S.A.,,2024-03-13 12:04:43,4,Beni,1687,6,f,f,f,f,f,f,f,f,f,f,f,f,f,f,f,f,f,f,f,t,f,,,,,
1744,17089,2024-03-13 16:18:52,ORO FUTBOLERO,384,15/03/2024,14/06/2024,TELECEL S.A.,,2024-03-13 12:04:43,4,Chuquisaca,1687,6,f,f,f,f,f,f,f,f,f,f,f,f,f,f,f,f,f,f,f,t,f,,,,,
1744,17089,2024-03-13 16:18:52,ORO FUTBOLERO,384,15/03/2024,14/06/2024,TELECEL S.A.,,2024-03-13 12:04:43,4,Potosi,1687,6,f,f,f,f,f,f,f,f,f,f,f,f,f,f,f,f,f,f,f,t,f,,,,,
1744,17089,2024-03-13 16:18:52,ORO FUTBOLERO,384,15/03/2024,14/06/2024,TELECEL S.A.,,2024-03-13 12:04:43,4,Tarija,1687,6,f,f,f,f,f,f,f,f,f,f,f,f,f,f,f,f,f,f,f,t,f,,,,,
1744,17089,2024-03-13 16:18:52,ORO FUTBOLERO,384,15/03/2024,14/06/2024,TELECEL S.A.,,2024-03-13 12:04:43,4,Oruro,1687,6,f,f,f,f,f,f,f,f,f,f,f,f,f,f,f,f,f,f,f,t,f,,,,,
1744,17089,2024-03-13 16:18:52,ORO FUTBOLERO,384,15/03/2024,14/06/2024,TELECEL S.A.,,2024-03-13 12:04:43,4,Santa Cruz,1687,6,f,f,f,f,f,f,f,f,f,f,f,f,f,f,f,f,f,f,f,t,f,,,,,
1744,17089,2024-03-13 16:18:52,ORO FUTBOLERO,384,15/03/2024,14/06/2024,TELECEL S.A.,,2024-03-13 12:04:43,4,Cochabamba,1687,6,f,f,f,f,f,f,f,f,f,f,f,f,f,f,f,f,f,f,f,t,f,,,,,
1735,17052,2024-03-06 14:58:05,CON TIGO EN TU NEGOCIO VERSIÃ³N 2,384,20/03/2024,30/06/2024,TELECEL S.A.,,2024-03-06 10:40:09,4,Cochabamba,1678,6,f,t,f,t,f,f,f,f,f,f,f,f,f,f,f,f,f,f,f,f,f,POSTPAGO MÃVIL,PLANES MÃVIL<br>,,,
1735,17052,2024-03-06 14:58:05,CON TIGO EN TU NEGOCIO VERSIÃ³N 2,384,20/03/2024,30/06/2024,TELECEL S.A.,,2024-03-06 10:40:09,4,Pando,1678,6,f,t,f,t,f,f,f,f,f,f,f,f,f,f,f,f,f,f,f,f,f,POSTPAGO MÃVIL,PLANES MÃVIL<br>,,,
1735,17052,2024-03-06 14:58:05,CON TIGO EN TU NEGOCIO VERSIÃ³N 2,384,20/03/2024,30/06/2024,TELECEL S.A.,,2024-03-06 10:40:09,4,Beni,1678,6,f,t,f,t,f,f,f,f,f,f,f,f,f,f,f,f,f,f,f,f,f,POSTPAGO MÃVIL,PLANES MÃVIL<br>,,,
1735,17052,2024-03-06 14:58:05,CON TIGO EN TU NEGOCIO VERSIÃ³N 2,384,20/03/2024,30/06/2024,TELECEL S.A.,,2024-03-06 10:40:09,4,Chuquisaca,1678,6,f,t,f,t,f,f,f,f,f,f,f,f,f,f,f,f,f,f,f,f,f,POSTPAGO MÃVIL,PLANES MÃVIL<br>,,,
1735,17052,2024-03-06 14:58:05,CON TIGO EN TU NEGOCIO VERSIÃ³N 2,384,20/03/2024,30/06/2024,TELECEL S.A.,,2024-03-06 10:40:09,4,Potosi,1678,6,f,t,f,t,f,f,f,f,f,f,f,f,f,f,f,f,f,f,f,f,f,POSTPAGO MÃVIL,PLANES MÃVIL<br>,,,
1735,17052,2024-03-06 14:58:05,CON TIGO EN TU NEGOCIO VERSIÃ³N 2,384,20/03/2024,30/06/2024,TELECEL S.A.,,2024-03-06 10:40:09,4,Tarija,1678,6,f,t,f,t,f,f,f,f,f,f,f,f,f,f,f,f,f,f,f,f,f,POSTPAGO MÃVIL,PLANES MÃVIL<br>,,,
1735,17052,2024-03-06 14:58:05,CON TIGO EN TU NEGOCIO VERSIÃ³N 2,384,20/03/2024,30/06/2024,TELECEL S.A.,,2024-03-06 10:40:09,4,Oruro,1678,6,f,t,f,t,f,f,f,f,f,f,f,f,f,f,f,f,f,f,f,f,f,POSTPAGO MÃVIL,PLANES MÃVIL<br>,,,
1735,17052,2024-03-06 14:58:05,CON TIGO EN TU NEGOCIO VERSIÃ³N 2,384,20/03/2024,30/06/2024,TELECEL S.A.,,2024-03-06 10:40:09,4,Santa Cruz,1678,6,f,t,f,t,f,f,f,f,f,f,f,f,f,f,f,f,f,f,f,f,f,POSTPAGO MÃVIL,PLANES MÃVIL<br>,,,
1735,17052,2024-03-06 14:58:05,CON TIGO EN TU NEGOCIO VERSIÃ³N 2,384,20/03/2024,30/06/2024,TELECEL S.A.,,2024-03-06 10:40:09,4,La Paz,1678,6,f,t,f,t,f,f,f,f,f,f,f,f,f,f,f,f,f,f,f,f,f,POSTPAGO MÃVIL,PLANES MÃVIL<br>,,,
1734,17049,2024-03-05 18:36:22,HOGAR LITE,384,07/03/2024,06/05/2024,TELECEL S.A.,,2024-03-05 12:14:44,4,Cochabamba,1677,6,f,f,f,f,f,f,f,f,f,f,f,f,f,f,f,f,t,f,t,f,f,,,,,OTROS
1734,17049,2024-03-05 18:36:22,HOGAR LITE,384,07/03/2024,06/05/2024,TELECEL S.A.,,2024-03-05 12:14:44,4,Chuquisaca,1677,6,f,f,f,f,f,f,f,f,f,f,f,f,f,f,f,f,t,f,t,f,f,,,,,OTROS
1734,17049,2024-03-05 18:36:22,HOGAR LITE,384,07/03/2024,06/05/2024,TELECEL S.A.,,2024-03-05 12:14:44,4,Potosi,1677,6,f,f,f,f,f,f,f,f,f,f,f,f,f,f,f,f,t,f,t,f,f,,,,,OTROS
1734,17049,2024-03-05 18:36:22,HOGAR LITE,384,07/03/2024,06/05/2024,TELECEL S.A.,,2024-03-05 12:14:44,4,Tarija,1677,6,f,f,f,f,f,f,f,f,f,f,f,f,f,f,f,f,t,f,t,f,f,,,,,OTROS
1734,17049,2024-03-05 18:36:22,HOGAR LITE,384,07/03/2024,06/05/2024,TELECEL S.A.,,2024-03-05 12:14:44,4,Oruro,1677,6,f,f,f,f,f,f,f,f,f,f,f,f,f,f,f,f,t,f,t,f,f,,,,,OTROS
1734,17049,2024-03-05 18:36:22,HOGAR LITE,384,07/03/2024,06/05/2024,TELECEL S.A.,,2024-03-05 12:14:44,4,Santa Cruz,1677,6,f,f,f,f,f,f,f,f,f,f,f,f,f,f,f,f,t,f,t,f,f,,,,,OTROS
1734,17049,2024-03-05 18:36:22,HOGAR LITE,384,07/03/2024,06/05/2024,TELECEL S.A.,,2024-03-05 12:14:44,4,La Paz,1677,6,f,f,f,f,f,f,f,f,f,f,f,f,f,f,f,f,t,f,t,f,f,,,,,OTROS
1733,17048,2024-03-05 10:31:54,CÃ¡MBIATE A TIGO,384,08/03/2024,30/04/2024,TELECEL S.A.,,2024-03-05 09:09:20,4,Santa Cruz,1676,6,f,f,f,f,t,f,f,f,f,f,f,f,f,f,f,f,t,f,f,f,f,,MEGAS MÃVIL<br>,,,OTROS
1733,17048,2024-03-05 10:31:54,CÃ¡MBIATE A TIGO,384,08/03/2024,30/04/2024,TELECEL S.A.,,2024-03-05 09:09:20,4,Pando,1676,6,f,f,f,f,t,f,f,f,f,f,f,f,f,f,f,f,t,f,f,f,f,,MEGAS MÃVIL<br>,,,OTROS
1733,17048,2024-03-05 10:31:54,CÃ¡MBIATE A TIGO,384,08/03/2024,30/04/2024,TELECEL S.A.,,2024-03-05 09:09:20,4,Beni,1676,6,f,f,f,f,t,f,f,f,f,f,f,f,f,f,f,f,t,f,f,f,f,,MEGAS MÃVIL<br>,,,OTROS
1733,17048,2024-03-05 10:31:54,CÃ¡MBIATE A TIGO,384,08/03/2024,30/04/2024,TELECEL S.A.,,2024-03-05 09:09:20,4,La Paz,1676,6,f,f,f,f,t,f,f,f,f,f,f,f,f,f,f,f,t,f,f,f,f,,MEGAS MÃVIL<br>,,,OTROS
1733,17048,2024-03-05 10:31:54,CÃ¡MBIATE A TIGO,384,08/03/2024,30/04/2024,TELECEL S.A.,,2024-03-05 09:09:20,4,Chuquisaca,1676,6,f,f,f,f,t,f,f,f,f,f,f,f,f,f,f,f,t,f,f,f,f,,MEGAS MÃVIL<br>,,,OTROS
1733,17048,2024-03-05 10:31:54,CÃ¡MBIATE A TIGO,384,08/03/2024,30/04/2024,TELECEL S.A.,,2024-03-05 09:09:20,4,Potosi,1676,6,f,f,f,f,t,f,f,f,f,f,f,f,f,f,f,f,t,f,f,f,f,,MEGAS MÃVIL<br>,,,OTROS
1733,17048,2024-03-05 10:31:54,CÃ¡MBIATE A TIGO,384,08/03/2024,30/04/2024,TELECEL S.A.,,2024-03-05 09:09:20,4,Tarija,1676,6,f,f,f,f,t,f,f,f,f,f,f,f,f,f,f,f,t,f,f,f,f,,MEGAS MÃVIL<br>,,,OTROS
1733,17048,2024-03-05 10:31:54,CÃ¡MBIATE A TIGO,384,08/03/2024,30/04/2024,TELECEL S.A.,,2024-03-05 09:09:20,4,Oruro,1676,6,f,f,f,f,t,f,f,f,f,f,f,f,f,f,f,f,t,f,f,f,f,,MEGAS MÃVIL<br>,,,OTROS
1733,17048,2024-03-05 10:31:54,CÃ¡MBIATE A TIGO,384,08/03/2024,30/04/2024,TELECEL S.A.,,2024-03-05 09:09:20,4,Cochabamba,1676,6,f,f,f,f,t,f,f,f,f,f,f,f,f,f,f,f,t,f,f,f,f,,MEGAS MÃVIL<br>,,,OTROS
1728,17039,2024-02-28 09:12:40,PLATINO COMPLETO FUTBOLERO,384,01/03/2024,31/05/2024,TELECEL S.A.,,2024-02-27 19:57:11,4,Potosi,1671,6,f,f,f,f,t,f,f,f,f,f,f,f,f,f,f,f,f,f,f,t,f,,MEGAS MÃVIL<br>,,,
1728,17039,2024-02-28 09:12:40,PLATINO COMPLETO FUTBOLERO,384,01/03/2024,31/05/2024,TELECEL S.A.,,2024-02-27 19:57:11,4,Pando,1671,6,f,f,f,f,t,f,f,f,f,f,f,f,f,f,f,f,f,f,f,t,f,,MEGAS MÃVIL<br>,,,
1728,17039,2024-02-28 09:12:40,PLATINO COMPLETO FUTBOLERO,384,01/03/2024,31/05/2024,TELECEL S.A.,,2024-02-27 19:57:11,4,Beni,1671,6,f,f,f,f,t,f,f,f,f,f,f,f,f,f,f,f,f,f,f,t,f,,MEGAS MÃVIL<br>,,,
1728,17039,2024-02-28 09:12:40,PLATINO COMPLETO FUTBOLERO,384,01/03/2024,31/05/2024,TELECEL S.A.,,2024-02-27 19:57:11,4,Chuquisaca,1671,6,f,f,f,f,t,f,f,f,f,f,f,f,f,f,f,f,f,f,f,t,f,,MEGAS MÃVIL<br>,,,
1728,17039,2024-02-28 09:12:40,PLATINO COMPLETO FUTBOLERO,384,01/03/2024,31/05/2024,TELECEL S.A.,,2024-02-27 19:57:11,4,Tarija,1671,6,f,f,f,f,t,f,f,f,f,f,f,f,f,f,f,f,f,f,f,t,f,,MEGAS MÃVIL<br>,,,
1728,17039,2024-02-28 09:12:40,PLATINO COMPLETO FUTBOLERO,384,01/03/2024,31/05/2024,TELECEL S.A.,,2024-02-27 19:57:11,4,Oruro,1671,6,f,f,f,f,t,f,f,f,f,f,f,f,f,f,f,f,f,f,f,t,f,,MEGAS MÃVIL<br>,,,
1728,17039,2024-02-28 09:12:40,PLATINO COMPLETO FUTBOLERO,384,01/03/2024,31/05/2024,TELECEL S.A.,,2024-02-27 19:57:11,4,Santa Cruz,1671,6,f,f,f,f,t,f,f,f,f,f,f,f,f,f,f,f,f,f,f,t,f,,MEGAS MÃVIL<br>,,,
1728,17039,2024-02-28 09:12:40,PLATINO COMPLETO FUTBOLERO,384,01/03/2024,31/05/2024,TELECEL S.A.,,2024-02-27 19:57:11,4,Cochabamba,1671,6,f,f,f,f,t,f,f,f,f,f,f,f,f,f,f,f,f,f,f,t,f,,MEGAS MÃVIL<br>,,,
1728,17039,2024-02-28 09:12:40,PLATINO COMPLETO FUTBOLERO,384,01/03/2024,31/05/2024,TELECEL S.A.,,2024-02-27 19:57:11,4,La Paz,1671,6,f,f,f,f,t,f,f,f,f,f,f,f,f,f,f,f,f,f,f,t,f,,MEGAS MÃVIL<br>,,,
1727,17038,2024-02-27 12:28:34,SIEMPRE CONECTADOS CON TIGO,384,11/03/2024,10/07/2024,TELECEL S.A.,,2024-02-27 12:07:07,4,Potosi,1670,6,f,f,f,f,f,f,f,f,f,f,f,f,f,f,f,f,f,f,t,f,f,,,,,
1727,17038,2024-02-27 12:28:34,SIEMPRE CONECTADOS CON TIGO,384,11/03/2024,10/07/2024,TELECEL S.A.,,2024-02-27 12:07:07,4,Tarija,1670,6,f,f,f,f,f,f,f,f,f,f,f,f,f,f,f,f,f,f,t,f,f,,,,,
1727,17038,2024-02-27 12:28:34,SIEMPRE CONECTADOS CON TIGO,384,11/03/2024,10/07/2024,TELECEL S.A.,,2024-02-27 12:07:07,4,Oruro,1670,6,f,f,f,f,f,f,f,f,f,f,f,f,f,f,f,f,f,f,t,f,f,,,,,
1727,17038,2024-02-27 12:28:34,SIEMPRE CONECTADOS CON TIGO,384,11/03/2024,10/07/2024,TELECEL S.A.,,2024-02-27 12:07:07,4,Santa Cruz,1670,6,f,f,f,f,f,f,f,f,f,f,f,f,f,f,f,f,f,f,t,f,f,,,,,
1727,17038,2024-02-27 12:28:34,SIEMPRE CONECTADOS CON TIGO,384,11/03/2024,10/07/2024,TELECEL S.A.,,2024-02-27 12:07:07,4,Cochabamba,1670,6,f,f,f,f,f,f,f,f,f,f,f,f,f,f,f,f,f,f,t,f,f,,,,,
1727,17038,2024-02-27 12:28:34,SIEMPRE CONECTADOS CON TIGO,384,11/03/2024,10/07/2024,TELECEL S.A.,,2024-02-27 12:07:07,4,La Paz,1670,6,f,f,f,f,f,f,f,f,f,f,f,f,f,f,f,f,f,f,t,f,f,,,,,
1727,17038,2024-02-27 12:28:34,SIEMPRE CONECTADOS CON TIGO,384,11/03/2024,10/07/2024,TELECEL S.A.,,2024-02-27 12:07:07,4,Chuquisaca,1670,6,f,f,f,f,f,f,f,f,f,f,f,f,f,f,f,f,f,f,t,f,f,,,,,
1723,17020,2024-02-21 08:59:14,PAQUETIGO 810 MB X 48 HORAS X BS 6,384,22/02/2024,21/05/2024,TELECEL S.A.,,2024-02-20 15:05:53,4,Santa Cruz,1666,6,f,f,f,f,t,f,f,f,f,f,f,f,f,f,f,f,t,f,f,f,f,,MEGAS MÃVIL<br>,,,OTROS
1723,17020,2024-02-21 08:59:14,PAQUETIGO 810 MB X 48 HORAS X BS 6,384,22/02/2024,21/05/2024,TELECEL S.A.,,2024-02-20 15:05:53,4,La Paz,1666,6,f,f,f,f,t,f,f,f,f,f,f,f,f,f,f,f,t,f,f,f,f,,MEGAS MÃVIL<br>,,,OTROS
1723,17020,2024-02-21 08:59:14,PAQUETIGO 810 MB X 48 HORAS X BS 6,384,22/02/2024,21/05/2024,TELECEL S.A.,,2024-02-20 15:05:53,4,Cochabamba,1666,6,f,f,f,f,t,f,f,f,f,f,f,f,f,f,f,f,t,f,f,f,f,,MEGAS MÃVIL<br>,,,OTROS
1723,17020,2024-02-21 08:59:14,PAQUETIGO 810 MB X 48 HORAS X BS 6,384,22/02/2024,21/05/2024,TELECEL S.A.,,2024-02-20 15:05:53,4,Pando,1666,6,f,f,f,f,t,f,f,f,f,f,f,f,f,f,f,f,t,f,f,f,f,,MEGAS MÃVIL<br>,,,OTROS
1723,17020,2024-02-21 08:59:14,PAQUETIGO 810 MB X 48 HORAS X BS 6,384,22/02/2024,21/05/2024,TELECEL S.A.,,2024-02-20 15:05:53,4,Beni,1666,6,f,f,f,f,t,f,f,f,f,f,f,f,f,f,f,f,t,f,f,f,f,,MEGAS MÃVIL<br>,,,OTROS
1723,17020,2024-02-21 08:59:14,PAQUETIGO 810 MB X 48 HORAS X BS 6,384,22/02/2024,21/05/2024,TELECEL S.A.,,2024-02-20 15:05:53,4,Chuquisaca,1666,6,f,f,f,f,t,f,f,f,f,f,f,f,f,f,f,f,t,f,f,f,f,,MEGAS MÃVIL<br>,,,OTROS
1723,17020,2024-02-21 08:59:14,PAQUETIGO 810 MB X 48 HORAS X BS 6,384,22/02/2024,21/05/2024,TELECEL S.A.,,2024-02-20 15:05:53,4,Potosi,1666,6,f,f,f,f,t,f,f,f,f,f,f,f,f,f,f,f,t,f,f,f,f,,MEGAS MÃVIL<br>,,,OTROS
1723,17020,2024-02-21 08:59:14,PAQUETIGO 810 MB X 48 HORAS X BS 6,384,22/02/2024,21/05/2024,TELECEL S.A.,,2024-02-20 15:05:53,4,Tarija,1666,6,f,f,f,f,t,f,f,f,f,f,f,f,f,f,f,f,t,f,f,f,f,,MEGAS MÃVIL<br>,,,OTROS
1723,17020,2024-02-21 08:59:14,PAQUETIGO 810 MB X 48 HORAS X BS 6,384,22/02/2024,21/05/2024,TELECEL S.A.,,2024-02-20 15:05:53,4,Oruro,1666,6,f,f,f,f,t,f,f,f,f,f,f,f,f,f,f,f,t,f,f,f,f,,MEGAS MÃVIL<br>,,,OTROS
1721,17018,2024-02-20 15:17:19,PAQUETIGO 150 MB+4SMS X 24 HORAS X BS 2,384,22/02/2024,21/05/2024,TELECEL S.A.,,2024-02-20 14:05:54,4,Cochabamba,1664,6,f,f,f,f,t,f,f,f,f,f,f,f,f,f,f,f,t,f,f,f,f,,MEGAS MÃVIL<br>,,,OTROS
1721,17018,2024-02-20 15:17:19,PAQUETIGO 150 MB+4SMS X 24 HORAS X BS 2,384,22/02/2024,21/05/2024,TELECEL S.A.,,2024-02-20 14:05:54,4,Pando,1664,6,f,f,f,f,t,f,f,f,f,f,f,f,f,f,f,f,t,f,f,f,f,,MEGAS MÃVIL<br>,,,OTROS
1721,17018,2024-02-20 15:17:19,PAQUETIGO 150 MB+4SMS X 24 HORAS X BS 2,384,22/02/2024,21/05/2024,TELECEL S.A.,,2024-02-20 14:05:54,4,Beni,1664,6,f,f,f,f,t,f,f,f,f,f,f,f,f,f,f,f,t,f,f,f,f,,MEGAS MÃVIL<br>,,,OTROS
1721,17018,2024-02-20 15:17:19,PAQUETIGO 150 MB+4SMS X 24 HORAS X BS 2,384,22/02/2024,21/05/2024,TELECEL S.A.,,2024-02-20 14:05:54,4,Chuquisaca,1664,6,f,f,f,f,t,f,f,f,f,f,f,f,f,f,f,f,t,f,f,f,f,,MEGAS MÃVIL<br>,,,OTROS
1721,17018,2024-02-20 15:17:19,PAQUETIGO 150 MB+4SMS X 24 HORAS X BS 2,384,22/02/2024,21/05/2024,TELECEL S.A.,,2024-02-20 14:05:54,4,Potosi,1664,6,f,f,f,f,t,f,f,f,f,f,f,f,f,f,f,f,t,f,f,f,f,,MEGAS MÃVIL<br>,,,OTROS
1721,17018,2024-02-20 15:17:19,PAQUETIGO 150 MB+4SMS X 24 HORAS X BS 2,384,22/02/2024,21/05/2024,TELECEL S.A.,,2024-02-20 14:05:54,4,Tarija,1664,6,f,f,f,f,t,f,f,f,f,f,f,f,f,f,f,f,t,f,f,f,f,,MEGAS MÃVIL<br>,,,OTROS
1721,17018,2024-02-20 15:17:19,PAQUETIGO 150 MB+4SMS X 24 HORAS X BS 2,384,22/02/2024,21/05/2024,TELECEL S.A.,,2024-02-20 14:05:54,4,Oruro,1664,6,f,f,f,f,t,f,f,f,f,f,f,f,f,f,f,f,t,f,f,f,f,,MEGAS MÃVIL<br>,,,OTROS
1721,17018,2024-02-20 15:17:19,PAQUETIGO 150 MB+4SMS X 24 HORAS X BS 2,384,22/02/2024,21/05/2024,TELECEL S.A.,,2024-02-20 14:05:54,4,Santa Cruz,1664,6,f,f,f,f,t,f,f,f,f,f,f,f,f,f,f,f,t,f,f,f,f,,MEGAS MÃVIL<br>,,,OTROS
1721,17018,2024-02-20 15:17:19,PAQUETIGO 150 MB+4SMS X 24 HORAS X BS 2,384,22/02/2024,21/05/2024,TELECEL S.A.,,2024-02-20 14:05:54,4,La Paz,1664,6,f,f,f,f,t,f,f,f,f,f,f,f,f,f,f,f,t,f,f,f,f,,MEGAS MÃVIL<br>,,,OTROS
1720,17017,2024-02-20 11:48:02,PAQUETIGOS GIGAS,384,22/02/2024,21/05/2024,TELECEL S.A.,,2024-02-20 11:21:41,4,Cochabamba,1663,6,f,f,f,f,t,f,f,f,f,f,f,f,f,f,f,f,t,f,f,f,f,,MEGAS MÃVIL<br>,,,OTROS
1720,17017,2024-02-20 11:48:02,PAQUETIGOS GIGAS,384,22/02/2024,21/05/2024,TELECEL S.A.,,2024-02-20 11:21:41,4,Pando,1663,6,f,f,f,f,t,f,f,f,f,f,f,f,f,f,f,f,t,f,f,f,f,,MEGAS MÃVIL<br>,,,OTROS
1720,17017,2024-02-20 11:48:02,PAQUETIGOS GIGAS,384,22/02/2024,21/05/2024,TELECEL S.A.,,2024-02-20 11:21:41,4,Beni,1663,6,f,f,f,f,t,f,f,f,f,f,f,f,f,f,f,f,t,f,f,f,f,,MEGAS MÃVIL<br>,,,OTROS
1720,17017,2024-02-20 11:48:02,PAQUETIGOS GIGAS,384,22/02/2024,21/05/2024,TELECEL S.A.,,2024-02-20 11:21:41,4,Chuquisaca,1663,6,f,f,f,f,t,f,f,f,f,f,f,f,f,f,f,f,t,f,f,f,f,,MEGAS MÃVIL<br>,,,OTROS
1720,17017,2024-02-20 11:48:02,PAQUETIGOS GIGAS,384,22/02/2024,21/05/2024,TELECEL S.A.,,2024-02-20 11:21:41,4,Potosi,1663,6,f,f,f,f,t,f,f,f,f,f,f,f,f,f,f,f,t,f,f,f,f,,MEGAS MÃVIL<br>,,,OTROS
1720,17017,2024-02-20 11:48:02,PAQUETIGOS GIGAS,384,22/02/2024,21/05/2024,TELECEL S.A.,,2024-02-20 11:21:41,4,Tarija,1663,6,f,f,f,f,t,f,f,f,f,f,f,f,f,f,f,f,t,f,f,f,f,,MEGAS MÃVIL<br>,,,OTROS
1720,17017,2024-02-20 11:48:02,PAQUETIGOS GIGAS,384,22/02/2024,21/05/2024,TELECEL S.A.,,2024-02-20 11:21:41,4,Oruro,1663,6,f,f,f,f,t,f,f,f,f,f,f,f,f,f,f,f,t,f,f,f,f,,MEGAS MÃVIL<br>,,,OTROS
1720,17017,2024-02-20 11:48:02,PAQUETIGOS GIGAS,384,22/02/2024,21/05/2024,TELECEL S.A.,,2024-02-20 11:21:41,4,Santa Cruz,1663,6,f,f,f,f,t,f,f,f,f,f,f,f,f,f,f,f,t,f,f,f,f,,MEGAS MÃVIL<br>,,,OTROS
1720,17017,2024-02-20 11:48:02,PAQUETIGOS GIGAS,384,22/02/2024,21/05/2024,TELECEL S.A.,,2024-02-20 11:21:41,4,La Paz,1663,6,f,f,f,f,t,f,f,f,f,f,f,f,f,f,f,f,t,f,f,f,f,,MEGAS MÃVIL<br>,,,OTROS
1719,17016,2024-02-20 10:35:17,PAQUETIGOS  MEJORADOS,384,22/02/2024,21/05/2024,TELECEL S.A.,,2024-02-20 09:23:07,4,Tarija,1662,6,f,f,f,f,t,f,f,f,f,f,f,f,f,f,f,f,t,f,f,f,f,,MEGAS MÃVIL<br>,,,OTROS
1719,17016,2024-02-20 10:35:17,PAQUETIGOS  MEJORADOS,384,22/02/2024,21/05/2024,TELECEL S.A.,,2024-02-20 09:23:07,4,Pando,1662,6,f,f,f,f,t,f,f,f,f,f,f,f,f,f,f,f,t,f,f,f,f,,MEGAS MÃVIL<br>,,,OTROS
1719,17016,2024-02-20 10:35:17,PAQUETIGOS  MEJORADOS,384,22/02/2024,21/05/2024,TELECEL S.A.,,2024-02-20 09:23:07,4,Beni,1662,6,f,f,f,f,t,f,f,f,f,f,f,f,f,f,f,f,t,f,f,f,f,,MEGAS MÃVIL<br>,,,OTROS
1719,17016,2024-02-20 10:35:17,PAQUETIGOS  MEJORADOS,384,22/02/2024,21/05/2024,TELECEL S.A.,,2024-02-20 09:23:07,4,Chuquisaca,1662,6,f,f,f,f,t,f,f,f,f,f,f,f,f,f,f,f,t,f,f,f,f,,MEGAS MÃVIL<br>,,,OTROS
1719,17016,2024-02-20 10:35:17,PAQUETIGOS  MEJORADOS,384,22/02/2024,21/05/2024,TELECEL S.A.,,2024-02-20 09:23:07,4,Potosi,1662,6,f,f,f,f,t,f,f,f,f,f,f,f,f,f,f,f,t,f,f,f,f,,MEGAS MÃVIL<br>,,,OTROS
1719,17016,2024-02-20 10:35:17,PAQUETIGOS  MEJORADOS,384,22/02/2024,21/05/2024,TELECEL S.A.,,2024-02-20 09:23:07,4,Oruro,1662,6,f,f,f,f,t,f,f,f,f,f,f,f,f,f,f,f,t,f,f,f,f,,MEGAS MÃVIL<br>,,,OTROS
1719,17016,2024-02-20 10:35:17,PAQUETIGOS  MEJORADOS,384,22/02/2024,21/05/2024,TELECEL S.A.,,2024-02-20 09:23:07,4,Santa Cruz,1662,6,f,f,f,f,t,f,f,f,f,f,f,f,f,f,f,f,t,f,f,f,f,,MEGAS MÃVIL<br>,,,OTROS
1719,17016,2024-02-20 10:35:17,PAQUETIGOS  MEJORADOS,384,22/02/2024,21/05/2024,TELECEL S.A.,,2024-02-20 09:23:07,4,Cochabamba,1662,6,f,f,f,f,t,f,f,f,f,f,f,f,f,f,f,f,t,f,f,f,f,,MEGAS MÃVIL<br>,,,OTROS
1719,17016,2024-02-20 10:35:17,PAQUETIGOS  MEJORADOS,384,22/02/2024,21/05/2024,TELECEL S.A.,,2024-02-20 09:23:07,4,La Paz,1662,6,f,f,f,f,t,f,f,f,f,f,f,f,f,f,f,f,t,f,f,f,f,,MEGAS MÃVIL<br>,,,OTROS
1718,17015,2024-02-20 10:23:45,"PAQUETIGO 2,5 GB + 4 SMS X 10 DÃ­AS X BS 25",384,22/02/2024,21/05/2024,TELECEL S.A.,,2024-02-19 17:30:57,4,La Paz,1661,6,f,f,f,f,t,f,f,f,f,f,f,f,f,f,f,f,t,f,f,f,f,,MEGAS MÃVIL<br>,,,OTROS
1718,17015,2024-02-20 10:23:45,"PAQUETIGO 2,5 GB + 4 SMS X 10 DÃ­AS X BS 25",384,22/02/2024,21/05/2024,TELECEL S.A.,,2024-02-19 17:30:57,4,Pando,1661,6,f,f,f,f,t,f,f,f,f,f,f,f,f,f,f,f,t,f,f,f,f,,MEGAS MÃVIL<br>,,,OTROS
1718,17015,2024-02-20 10:23:45,"PAQUETIGO 2,5 GB + 4 SMS X 10 DÃ­AS X BS 25",384,22/02/2024,21/05/2024,TELECEL S.A.,,2024-02-19 17:30:57,4,Beni,1661,6,f,f,f,f,t,f,f,f,f,f,f,f,f,f,f,f,t,f,f,f,f,,MEGAS MÃVIL<br>,,,OTROS
1718,17015,2024-02-20 10:23:45,"PAQUETIGO 2,5 GB + 4 SMS X 10 DÃ­AS X BS 25",384,22/02/2024,21/05/2024,TELECEL S.A.,,2024-02-19 17:30:57,4,Chuquisaca,1661,6,f,f,f,f,t,f,f,f,f,f,f,f,f,f,f,f,t,f,f,f,f,,MEGAS MÃVIL<br>,,,OTROS
1718,17015,2024-02-20 10:23:45,"PAQUETIGO 2,5 GB + 4 SMS X 10 DÃ­AS X BS 25",384,22/02/2024,21/05/2024,TELECEL S.A.,,2024-02-19 17:30:57,4,Potosi,1661,6,f,f,f,f,t,f,f,f,f,f,f,f,f,f,f,f,t,f,f,f,f,,MEGAS MÃVIL<br>,,,OTROS
1718,17015,2024-02-20 10:23:45,"PAQUETIGO 2,5 GB + 4 SMS X 10 DÃ­AS X BS 25",384,22/02/2024,21/05/2024,TELECEL S.A.,,2024-02-19 17:30:57,4,Tarija,1661,6,f,f,f,f,t,f,f,f,f,f,f,f,f,f,f,f,t,f,f,f,f,,MEGAS MÃVIL<br>,,,OTROS
1718,17015,2024-02-20 10:23:45,"PAQUETIGO 2,5 GB + 4 SMS X 10 DÃ­AS X BS 25",384,22/02/2024,21/05/2024,TELECEL S.A.,,2024-02-19 17:30:57,4,Oruro,1661,6,f,f,f,f,t,f,f,f,f,f,f,f,f,f,f,f,t,f,f,f,f,,MEGAS MÃVIL<br>,,,OTROS
1718,17015,2024-02-20 10:23:45,"PAQUETIGO 2,5 GB + 4 SMS X 10 DÃ­AS X BS 25",384,22/02/2024,21/05/2024,TELECEL S.A.,,2024-02-19 17:30:57,4,Santa Cruz,1661,6,f,f,f,f,t,f,f,f,f,f,f,f,f,f,f,f,t,f,f,f,f,,MEGAS MÃVIL<br>,,,OTROS
1718,17015,2024-02-20 10:23:45,"PAQUETIGO 2,5 GB + 4 SMS X 10 DÃ­AS X BS 25",384,22/02/2024,21/05/2024,TELECEL S.A.,,2024-02-19 17:30:57,4,Cochabamba,1661,6,f,f,f,f,t,f,f,f,f,f,f,f,f,f,f,f,t,f,f,f,f,,MEGAS MÃVIL<br>,,,OTROS
1717,17014,2024-02-20 09:59:36,PAQUETIGO 1 GB +2 SMS X 5 DÃ­AS X BS10,384,22/02/2024,21/05/2024,TELECEL S.A.,,2024-02-19 17:02:36,4,Cochabamba,1660,6,f,f,f,f,t,f,f,f,f,f,f,f,f,f,f,f,t,f,f,f,f,,MEGAS MÃVIL<br>,,,OTROS
1717,17014,2024-02-20 09:59:36,PAQUETIGO 1 GB +2 SMS X 5 DÃ­AS X BS10,384,22/02/2024,21/05/2024,TELECEL S.A.,,2024-02-19 17:02:36,4,Pando,1660,6,f,f,f,f,t,f,f,f,f,f,f,f,f,f,f,f,t,f,f,f,f,,MEGAS MÃVIL<br>,,,OTROS
1717,17014,2024-02-20 09:59:36,PAQUETIGO 1 GB +2 SMS X 5 DÃ­AS X BS10,384,22/02/2024,21/05/2024,TELECEL S.A.,,2024-02-19 17:02:36,4,Beni,1660,6,f,f,f,f,t,f,f,f,f,f,f,f,f,f,f,f,t,f,f,f,f,,MEGAS MÃVIL<br>,,,OTROS
1717,17014,2024-02-20 09:59:36,PAQUETIGO 1 GB +2 SMS X 5 DÃ­AS X BS10,384,22/02/2024,21/05/2024,TELECEL S.A.,,2024-02-19 17:02:36,4,Chuquisaca,1660,6,f,f,f,f,t,f,f,f,f,f,f,f,f,f,f,f,t,f,f,f,f,,MEGAS MÃVIL<br>,,,OTROS
1717,17014,2024-02-20 09:59:36,PAQUETIGO 1 GB +2 SMS X 5 DÃ­AS X BS10,384,22/02/2024,21/05/2024,TELECEL S.A.,,2024-02-19 17:02:36,4,Potosi,1660,6,f,f,f,f,t,f,f,f,f,f,f,f,f,f,f,f,t,f,f,f,f,,MEGAS MÃVIL<br>,,,OTROS
1717,17014,2024-02-20 09:59:36,PAQUETIGO 1 GB +2 SMS X 5 DÃ­AS X BS10,384,22/02/2024,21/05/2024,TELECEL S.A.,,2024-02-19 17:02:36,4,Tarija,1660,6,f,f,f,f,t,f,f,f,f,f,f,f,f,f,f,f,t,f,f,f,f,,MEGAS MÃVIL<br>,,,OTROS
1717,17014,2024-02-20 09:59:36,PAQUETIGO 1 GB +2 SMS X 5 DÃ­AS X BS10,384,22/02/2024,21/05/2024,TELECEL S.A.,,2024-02-19 17:02:36,4,Oruro,1660,6,f,f,f,f,t,f,f,f,f,f,f,f,f,f,f,f,t,f,f,f,f,,MEGAS MÃVIL<br>,,,OTROS
1717,17014,2024-02-20 09:59:36,PAQUETIGO 1 GB +2 SMS X 5 DÃ­AS X BS10,384,22/02/2024,21/05/2024,TELECEL S.A.,,2024-02-19 17:02:36,4,Santa Cruz,1660,6,f,f,f,f,t,f,f,f,f,f,f,f,f,f,f,f,t,f,f,f,f,,MEGAS MÃVIL<br>,,,OTROS
1717,17014,2024-02-20 09:59:36,PAQUETIGO 1 GB +2 SMS X 5 DÃ­AS X BS10,384,22/02/2024,21/05/2024,TELECEL S.A.,,2024-02-19 17:02:36,4,La Paz,1660,6,f,f,f,f,t,f,f,f,f,f,f,f,f,f,f,f,t,f,f,f,f,,MEGAS MÃVIL<br>,,,OTROS
1716,17013,2024-02-20 09:47:43,PAQUETIGO TIGO TE PRESTA ADICIONAL 850 MB,384,22/02/2024,21/05/2024,TELECEL S.A.,,2024-02-19 16:55:16,4,Cochabamba,1659,6,f,f,f,f,t,f,f,f,f,f,f,f,f,f,f,f,f,f,f,f,f,,MEGAS MÃVIL<br>,,,
1716,17013,2024-02-20 09:47:43,PAQUETIGO TIGO TE PRESTA ADICIONAL 850 MB,384,22/02/2024,21/05/2024,TELECEL S.A.,,2024-02-19 16:55:16,4,Pando,1659,6,f,f,f,f,t,f,f,f,f,f,f,f,f,f,f,f,f,f,f,f,f,,MEGAS MÃVIL<br>,,,
1716,17013,2024-02-20 09:47:43,PAQUETIGO TIGO TE PRESTA ADICIONAL 850 MB,384,22/02/2024,21/05/2024,TELECEL S.A.,,2024-02-19 16:55:16,4,Beni,1659,6,f,f,f,f,t,f,f,f,f,f,f,f,f,f,f,f,f,f,f,f,f,,MEGAS MÃVIL<br>,,,
1716,17013,2024-02-20 09:47:43,PAQUETIGO TIGO TE PRESTA ADICIONAL 850 MB,384,22/02/2024,21/05/2024,TELECEL S.A.,,2024-02-19 16:55:16,4,Chuquisaca,1659,6,f,f,f,f,t,f,f,f,f,f,f,f,f,f,f,f,f,f,f,f,f,,MEGAS MÃVIL<br>,,,
1716,17013,2024-02-20 09:47:43,PAQUETIGO TIGO TE PRESTA ADICIONAL 850 MB,384,22/02/2024,21/05/2024,TELECEL S.A.,,2024-02-19 16:55:16,4,Potosi,1659,6,f,f,f,f,t,f,f,f,f,f,f,f,f,f,f,f,f,f,f,f,f,,MEGAS MÃVIL<br>,,,
1716,17013,2024-02-20 09:47:43,PAQUETIGO TIGO TE PRESTA ADICIONAL 850 MB,384,22/02/2024,21/05/2024,TELECEL S.A.,,2024-02-19 16:55:16,4,Tarija,1659,6,f,f,f,f,t,f,f,f,f,f,f,f,f,f,f,f,f,f,f,f,f,,MEGAS MÃVIL<br>,,,
1716,17013,2024-02-20 09:47:43,PAQUETIGO TIGO TE PRESTA ADICIONAL 850 MB,384,22/02/2024,21/05/2024,TELECEL S.A.,,2024-02-19 16:55:16,4,Oruro,1659,6,f,f,f,f,t,f,f,f,f,f,f,f,f,f,f,f,f,f,f,f,f,,MEGAS MÃVIL<br>,,,
1716,17013,2024-02-20 09:47:43,PAQUETIGO TIGO TE PRESTA ADICIONAL 850 MB,384,22/02/2024,21/05/2024,TELECEL S.A.,,2024-02-19 16:55:16,4,Santa Cruz,1659,6,f,f,f,f,t,f,f,f,f,f,f,f,f,f,f,f,f,f,f,f,f,,MEGAS MÃVIL<br>,,,
1716,17013,2024-02-20 09:47:43,PAQUETIGO TIGO TE PRESTA ADICIONAL 850 MB,384,22/02/2024,21/05/2024,TELECEL S.A.,,2024-02-19 16:55:16,4,La Paz,1659,6,f,f,f,f,t,f,f,f,f,f,f,f,f,f,f,f,f,f,f,f,f,,MEGAS MÃVIL<br>,,,
1715,17012,2024-02-20 09:31:44,PAQUETIGO INTERNET ILIMITADO X 5 HORAS X BS 4,384,22/02/2024,21/05/2024,TELECEL S.A.,,2024-02-19 15:23:21,4,Oruro,1658,6,f,f,f,f,t,f,f,f,f,f,f,f,f,f,f,f,f,f,f,f,f,,MEGAS MÃVIL<br>,,,
1715,17012,2024-02-20 09:31:44,PAQUETIGO INTERNET ILIMITADO X 5 HORAS X BS 4,384,22/02/2024,21/05/2024,TELECEL S.A.,,2024-02-19 15:23:21,4,Pando,1658,6,f,f,f,f,t,f,f,f,f,f,f,f,f,f,f,f,f,f,f,f,f,,MEGAS MÃVIL<br>,,,
1715,17012,2024-02-20 09:31:44,PAQUETIGO INTERNET ILIMITADO X 5 HORAS X BS 4,384,22/02/2024,21/05/2024,TELECEL S.A.,,2024-02-19 15:23:21,4,Beni,1658,6,f,f,f,f,t,f,f,f,f,f,f,f,f,f,f,f,f,f,f,f,f,,MEGAS MÃVIL<br>,,,
1715,17012,2024-02-20 09:31:44,PAQUETIGO INTERNET ILIMITADO X 5 HORAS X BS 4,384,22/02/2024,21/05/2024,TELECEL S.A.,,2024-02-19 15:23:21,4,Chuquisaca,1658,6,f,f,f,f,t,f,f,f,f,f,f,f,f,f,f,f,f,f,f,f,f,,MEGAS MÃVIL<br>,,,
1715,17012,2024-02-20 09:31:44,PAQUETIGO INTERNET ILIMITADO X 5 HORAS X BS 4,384,22/02/2024,21/05/2024,TELECEL S.A.,,2024-02-19 15:23:21,4,La Paz,1658,6,f,f,f,f,t,f,f,f,f,f,f,f,f,f,f,f,f,f,f,f,f,,MEGAS MÃVIL<br>,,,
1715,17012,2024-02-20 09:31:44,PAQUETIGO INTERNET ILIMITADO X 5 HORAS X BS 4,384,22/02/2024,21/05/2024,TELECEL S.A.,,2024-02-19 15:23:21,4,Cochabamba,1658,6,f,f,f,f,t,f,f,f,f,f,f,f,f,f,f,f,f,f,f,f,f,,MEGAS MÃVIL<br>,,,
1715,17012,2024-02-20 09:31:44,PAQUETIGO INTERNET ILIMITADO X 5 HORAS X BS 4,384,22/02/2024,21/05/2024,TELECEL S.A.,,2024-02-19 15:23:21,4,Potosi,1658,6,f,f,f,f,t,f,f,f,f,f,f,f,f,f,f,f,f,f,f,f,f,,MEGAS MÃVIL<br>,,,
1715,17012,2024-02-20 09:31:44,PAQUETIGO INTERNET ILIMITADO X 5 HORAS X BS 4,384,22/02/2024,21/05/2024,TELECEL S.A.,,2024-02-19 15:23:21,4,Tarija,1658,6,f,f,f,f,t,f,f,f,f,f,f,f,f,f,f,f,f,f,f,f,f,,MEGAS MÃVIL<br>,,,
1715,17012,2024-02-20 09:31:44,PAQUETIGO INTERNET ILIMITADO X 5 HORAS X BS 4,384,22/02/2024,21/05/2024,TELECEL S.A.,,2024-02-19 15:23:21,4,Santa Cruz,1658,6,f,f,f,f,t,f,f,f,f,f,f,f,f,f,f,f,f,f,f,f,f,,MEGAS MÃVIL<br>,,,
1714,17011,2024-02-20 09:27:52,PAQUETIGO INTERNET ILIMITADO +4SMS X 1 HORA X BS 1,384,22/02/2024,21/05/2024,TELECEL S.A.,,2024-02-19 13:50:21,4,Beni,1657,6,f,f,f,f,t,f,f,f,f,f,f,f,f,f,f,f,t,f,f,f,f,,MEGAS MÃVIL<br>,,,OTROS
1714,17011,2024-02-20 09:27:52,PAQUETIGO INTERNET ILIMITADO +4SMS X 1 HORA X BS 1,384,22/02/2024,21/05/2024,TELECEL S.A.,,2024-02-19 13:50:21,4,La Paz,1657,6,f,f,f,f,t,f,f,f,f,f,f,f,f,f,f,f,t,f,f,f,f,,MEGAS MÃVIL<br>,,,OTROS
1714,17011,2024-02-20 09:27:52,PAQUETIGO INTERNET ILIMITADO +4SMS X 1 HORA X BS 1,384,22/02/2024,21/05/2024,TELECEL S.A.,,2024-02-19 13:50:21,4,Cochabamba,1657,6,f,f,f,f,t,f,f,f,f,f,f,f,f,f,f,f,t,f,f,f,f,,MEGAS MÃVIL<br>,,,OTROS
1714,17011,2024-02-20 09:27:52,PAQUETIGO INTERNET ILIMITADO +4SMS X 1 HORA X BS 1,384,22/02/2024,21/05/2024,TELECEL S.A.,,2024-02-19 13:50:21,4,Santa Cruz,1657,6,f,f,f,f,t,f,f,f,f,f,f,f,f,f,f,f,t,f,f,f,f,,MEGAS MÃVIL<br>,,,OTROS
1714,17011,2024-02-20 09:27:52,PAQUETIGO INTERNET ILIMITADO +4SMS X 1 HORA X BS 1,384,22/02/2024,21/05/2024,TELECEL S.A.,,2024-02-19 13:50:21,4,Oruro,1657,6,f,f,f,f,t,f,f,f,f,f,f,f,f,f,f,f,t,f,f,f,f,,MEGAS MÃVIL<br>,,,OTROS
1714,17011,2024-02-20 09:27:52,PAQUETIGO INTERNET ILIMITADO +4SMS X 1 HORA X BS 1,384,22/02/2024,21/05/2024,TELECEL S.A.,,2024-02-19 13:50:21,4,Tarija,1657,6,f,f,f,f,t,f,f,f,f,f,f,f,f,f,f,f,t,f,f,f,f,,MEGAS MÃVIL<br>,,,OTROS
1714,17011,2024-02-20 09:27:52,PAQUETIGO INTERNET ILIMITADO +4SMS X 1 HORA X BS 1,384,22/02/2024,21/05/2024,TELECEL S.A.,,2024-02-19 13:50:21,4,Potosi,1657,6,f,f,f,f,t,f,f,f,f,f,f,f,f,f,f,f,t,f,f,f,f,,MEGAS MÃVIL<br>,,,OTROS
1714,17011,2024-02-20 09:27:52,PAQUETIGO INTERNET ILIMITADO +4SMS X 1 HORA X BS 1,384,22/02/2024,21/05/2024,TELECEL S.A.,,2024-02-19 13:50:21,4,Chuquisaca,1657,6,f,f,f,f,t,f,f,f,f,f,f,f,f,f,f,f,t,f,f,f,f,,MEGAS MÃVIL<br>,,,OTROS
1714,17011,2024-02-20 09:27:52,PAQUETIGO INTERNET ILIMITADO +4SMS X 1 HORA X BS 1,384,22/02/2024,21/05/2024,TELECEL S.A.,,2024-02-19 13:50:21,4,Pando,1657,6,f,f,f,f,t,f,f,f,f,f,f,f,f,f,f,f,t,f,f,f,f,,MEGAS MÃVIL<br>,,,OTROS
1713,17010,2024-02-20 11:38:49,ILIMITADOS MEJORADOS 2,384,22/02/2024,21/05/2024,TELECEL S.A.,,2024-02-19 13:30:14,4,Pando,1656,6,t,f,f,f,t,f,f,f,f,f,f,f,f,f,f,f,f,f,f,f,f,PREPAGO MÃVIL<br>,MEGAS MÃVIL<br>,,,
1713,17010,2024-02-20 11:38:49,ILIMITADOS MEJORADOS 2,384,22/02/2024,21/05/2024,TELECEL S.A.,,2024-02-19 13:30:14,4,La Paz,1656,6,t,f,f,f,t,f,f,f,f,f,f,f,f,f,f,f,f,f,f,f,f,PREPAGO MÃVIL<br>,MEGAS MÃVIL<br>,,,
1713,17010,2024-02-20 11:38:49,ILIMITADOS MEJORADOS 2,384,22/02/2024,21/05/2024,TELECEL S.A.,,2024-02-19 13:30:14,4,Beni,1656,6,t,f,f,f,t,f,f,f,f,f,f,f,f,f,f,f,f,f,f,f,f,PREPAGO MÃVIL<br>,MEGAS MÃVIL<br>,,,
1713,17010,2024-02-20 11:38:49,ILIMITADOS MEJORADOS 2,384,22/02/2024,21/05/2024,TELECEL S.A.,,2024-02-19 13:30:14,4,Cochabamba,1656,6,t,f,f,f,t,f,f,f,f,f,f,f,f,f,f,f,f,f,f,f,f,PREPAGO MÃVIL<br>,MEGAS MÃVIL<br>,,,
1713,17010,2024-02-20 11:38:49,ILIMITADOS MEJORADOS 2,384,22/02/2024,21/05/2024,TELECEL S.A.,,2024-02-19 13:30:14,4,Santa Cruz,1656,6,t,f,f,f,t,f,f,f,f,f,f,f,f,f,f,f,f,f,f,f,f,PREPAGO MÃVIL<br>,MEGAS MÃVIL<br>,,,
1713,17010,2024-02-20 11:38:49,ILIMITADOS MEJORADOS 2,384,22/02/2024,21/05/2024,TELECEL S.A.,,2024-02-19 13:30:14,4,Oruro,1656,6,t,f,f,f,t,f,f,f,f,f,f,f,f,f,f,f,f,f,f,f,f,PREPAGO MÃVIL<br>,MEGAS MÃVIL<br>,,,
1713,17010,2024-02-20 11:38:49,ILIMITADOS MEJORADOS 2,384,22/02/2024,21/05/2024,TELECEL S.A.,,2024-02-19 13:30:14,4,Tarija,1656,6,t,f,f,f,t,f,f,f,f,f,f,f,f,f,f,f,f,f,f,f,f,PREPAGO MÃVIL<br>,MEGAS MÃVIL<br>,,,
1713,17010,2024-02-20 11:38:49,ILIMITADOS MEJORADOS 2,384,22/02/2024,21/05/2024,TELECEL S.A.,,2024-02-19 13:30:14,4,Potosi,1656,6,t,f,f,f,t,f,f,f,f,f,f,f,f,f,f,f,f,f,f,f,f,PREPAGO MÃVIL<br>,MEGAS MÃVIL<br>,,,
1713,17010,2024-02-20 11:38:49,ILIMITADOS MEJORADOS 2,384,22/02/2024,21/05/2024,TELECEL S.A.,,2024-02-19 13:30:14,4,Chuquisaca,1656,6,t,f,f,f,t,f,f,f,f,f,f,f,f,f,f,f,f,f,f,f,f,PREPAGO MÃVIL<br>,MEGAS MÃVIL<br>,,,
1712,17009,2024-02-20 09:17:26,PAQUETIGO INTERNET ILIMITADO X12HORAS XBS6,384,22/02/2024,21/05/2024,TELECEL S.A.,,2024-02-19 12:28:28,4,Pando,1655,6,f,f,f,f,t,f,f,f,f,f,f,f,f,f,f,f,f,f,f,f,f,,MEGAS MÃVIL<br>,,,
1712,17009,2024-02-20 09:17:26,PAQUETIGO INTERNET ILIMITADO X12HORAS XBS6,384,22/02/2024,21/05/2024,TELECEL S.A.,,2024-02-19 12:28:28,4,Chuquisaca,1655,6,f,f,f,f,t,f,f,f,f,f,f,f,f,f,f,f,f,f,f,f,f,,MEGAS MÃVIL<br>,,,
1712,17009,2024-02-20 09:17:26,PAQUETIGO INTERNET ILIMITADO X12HORAS XBS6,384,22/02/2024,21/05/2024,TELECEL S.A.,,2024-02-19 12:28:28,4,Potosi,1655,6,f,f,f,f,t,f,f,f,f,f,f,f,f,f,f,f,f,f,f,f,f,,MEGAS MÃVIL<br>,,,
1712,17009,2024-02-20 09:17:26,PAQUETIGO INTERNET ILIMITADO X12HORAS XBS6,384,22/02/2024,21/05/2024,TELECEL S.A.,,2024-02-19 12:28:28,4,Tarija,1655,6,f,f,f,f,t,f,f,f,f,f,f,f,f,f,f,f,f,f,f,f,f,,MEGAS MÃVIL<br>,,,
1712,17009,2024-02-20 09:17:26,PAQUETIGO INTERNET ILIMITADO X12HORAS XBS6,384,22/02/2024,21/05/2024,TELECEL S.A.,,2024-02-19 12:28:28,4,La Paz,1655,6,f,f,f,f,t,f,f,f,f,f,f,f,f,f,f,f,f,f,f,f,f,,MEGAS MÃVIL<br>,,,
1712,17009,2024-02-20 09:17:26,PAQUETIGO INTERNET ILIMITADO X12HORAS XBS6,384,22/02/2024,21/05/2024,TELECEL S.A.,,2024-02-19 12:28:28,4,Cochabamba,1655,6,f,f,f,f,t,f,f,f,f,f,f,f,f,f,f,f,f,f,f,f,f,,MEGAS MÃVIL<br>,,,
1712,17009,2024-02-20 09:17:26,PAQUETIGO INTERNET ILIMITADO X12HORAS XBS6,384,22/02/2024,21/05/2024,TELECEL S.A.,,2024-02-19 12:28:28,4,Santa Cruz,1655,6,f,f,f,f,t,f,f,f,f,f,f,f,f,f,f,f,f,f,f,f,f,,MEGAS MÃVIL<br>,,,
1712,17009,2024-02-20 09:17:26,PAQUETIGO INTERNET ILIMITADO X12HORAS XBS6,384,22/02/2024,21/05/2024,TELECEL S.A.,,2024-02-19 12:28:28,4,Beni,1655,6,f,f,f,f,t,f,f,f,f,f,f,f,f,f,f,f,f,f,f,f,f,,MEGAS MÃVIL<br>,,,
1712,17009,2024-02-20 09:17:26,PAQUETIGO INTERNET ILIMITADO X12HORAS XBS6,384,22/02/2024,21/05/2024,TELECEL S.A.,,2024-02-19 12:28:28,4,Oruro,1655,6,f,f,f,f,t,f,f,f,f,f,f,f,f,f,f,f,f,f,f,f,f,,MEGAS MÃVIL<br>,,,
1711,17008,2024-02-20 09:11:40,PAQUETIGO INTERNET ILIMITADOX4HORAS XBS3,384,22/02/2024,21/05/2024,TELECEL S.A.,,2024-02-19 12:09:08,4,Santa Cruz,1654,6,f,f,f,f,t,f,f,f,f,f,f,f,f,f,f,f,f,f,f,f,f,,MEGAS MÃVIL<br>,,,
1711,17008,2024-02-20 09:11:40,PAQUETIGO INTERNET ILIMITADOX4HORAS XBS3,384,22/02/2024,21/05/2024,TELECEL S.A.,,2024-02-19 12:09:08,4,La Paz,1654,6,f,f,f,f,t,f,f,f,f,f,f,f,f,f,f,f,f,f,f,f,f,,MEGAS MÃVIL<br>,,,
1711,17008,2024-02-20 09:11:40,PAQUETIGO INTERNET ILIMITADOX4HORAS XBS3,384,22/02/2024,21/05/2024,TELECEL S.A.,,2024-02-19 12:09:08,4,Cochabamba,1654,6,f,f,f,f,t,f,f,f,f,f,f,f,f,f,f,f,f,f,f,f,f,,MEGAS MÃVIL<br>,,,
1711,17008,2024-02-20 09:11:40,PAQUETIGO INTERNET ILIMITADOX4HORAS XBS3,384,22/02/2024,21/05/2024,TELECEL S.A.,,2024-02-19 12:09:08,4,Oruro,1654,6,f,f,f,f,t,f,f,f,f,f,f,f,f,f,f,f,f,f,f,f,f,,MEGAS MÃVIL<br>,,,
1711,17008,2024-02-20 09:11:40,PAQUETIGO INTERNET ILIMITADOX4HORAS XBS3,384,22/02/2024,21/05/2024,TELECEL S.A.,,2024-02-19 12:09:08,4,Tarija,1654,6,f,f,f,f,t,f,f,f,f,f,f,f,f,f,f,f,f,f,f,f,f,,MEGAS MÃVIL<br>,,,
1711,17008,2024-02-20 09:11:40,PAQUETIGO INTERNET ILIMITADOX4HORAS XBS3,384,22/02/2024,21/05/2024,TELECEL S.A.,,2024-02-19 12:09:08,4,Potosi,1654,6,f,f,f,f,t,f,f,f,f,f,f,f,f,f,f,f,f,f,f,f,f,,MEGAS MÃVIL<br>,,,
1711,17008,2024-02-20 09:11:40,PAQUETIGO INTERNET ILIMITADOX4HORAS XBS3,384,22/02/2024,21/05/2024,TELECEL S.A.,,2024-02-19 12:09:08,4,Chuquisaca,1654,6,f,f,f,f,t,f,f,f,f,f,f,f,f,f,f,f,f,f,f,f,f,,MEGAS MÃVIL<br>,,,
1711,17008,2024-02-20 09:11:40,PAQUETIGO INTERNET ILIMITADOX4HORAS XBS3,384,22/02/2024,21/05/2024,TELECEL S.A.,,2024-02-19 12:09:08,4,Beni,1654,6,f,f,f,f,t,f,f,f,f,f,f,f,f,f,f,f,f,f,f,f,f,,MEGAS MÃVIL<br>,,,
1711,17008,2024-02-20 09:11:40,PAQUETIGO INTERNET ILIMITADOX4HORAS XBS3,384,22/02/2024,21/05/2024,TELECEL S.A.,,2024-02-19 12:09:08,4,Pando,1654,6,f,f,f,f,t,f,f,f,f,f,f,f,f,f,f,f,f,f,f,f,f,,MEGAS MÃVIL<br>,,,
1710,17007,2024-02-15 14:50:29,DIAS TV PRE PAGO PLATINO FUTBOLERO,384,20/02/2024,19/06/2024,TELECEL S.A.,,2024-02-15 13:59:41,4,Potosi,1653,6,f,f,f,f,f,f,f,f,f,f,f,f,f,f,f,f,f,f,f,t,f,,,,,
1710,17007,2024-02-15 14:50:29,DIAS TV PRE PAGO PLATINO FUTBOLERO,384,20/02/2024,19/06/2024,TELECEL S.A.,,2024-02-15 13:59:41,4,La Paz,1653,6,f,f,f,f,f,f,f,f,f,f,f,f,f,f,f,f,f,f,f,t,f,,,,,
1710,17007,2024-02-15 14:50:29,DIAS TV PRE PAGO PLATINO FUTBOLERO,384,20/02/2024,19/06/2024,TELECEL S.A.,,2024-02-15 13:59:41,4,Cochabamba,1653,6,f,f,f,f,f,f,f,f,f,f,f,f,f,f,f,f,f,f,f,t,f,,,,,
1710,17007,2024-02-15 14:50:29,DIAS TV PRE PAGO PLATINO FUTBOLERO,384,20/02/2024,19/06/2024,TELECEL S.A.,,2024-02-15 13:59:41,4,Santa Cruz,1653,6,f,f,f,f,f,f,f,f,f,f,f,f,f,f,f,f,f,f,f,t,f,,,,,
1710,17007,2024-02-15 14:50:29,DIAS TV PRE PAGO PLATINO FUTBOLERO,384,20/02/2024,19/06/2024,TELECEL S.A.,,2024-02-15 13:59:41,4,Oruro,1653,6,f,f,f,f,f,f,f,f,f,f,f,f,f,f,f,f,f,f,f,t,f,,,,,
1710,17007,2024-02-15 14:50:29,DIAS TV PRE PAGO PLATINO FUTBOLERO,384,20/02/2024,19/06/2024,TELECEL S.A.,,2024-02-15 13:59:41,4,Tarija,1653,6,f,f,f,f,f,f,f,f,f,f,f,f,f,f,f,f,f,f,f,t,f,,,,,
1710,17007,2024-02-15 14:50:29,DIAS TV PRE PAGO PLATINO FUTBOLERO,384,20/02/2024,19/06/2024,TELECEL S.A.,,2024-02-15 13:59:41,4,Pando,1653,6,f,f,f,f,f,f,f,f,f,f,f,f,f,f,f,f,f,f,f,t,f,,,,,
1710,17007,2024-02-15 14:50:29,DIAS TV PRE PAGO PLATINO FUTBOLERO,384,20/02/2024,19/06/2024,TELECEL S.A.,,2024-02-15 13:59:41,4,Beni,1653,6,f,f,f,f,f,f,f,f,f,f,f,f,f,f,f,f,f,f,f,t,f,,,,,
1710,17007,2024-02-15 14:50:29,DIAS TV PRE PAGO PLATINO FUTBOLERO,384,20/02/2024,19/06/2024,TELECEL S.A.,,2024-02-15 13:59:41,4,Chuquisaca,1653,6,f,f,f,f,f,f,f,f,f,f,f,f,f,f,f,f,f,f,f,t,f,,,,,
1709,16985,2024-02-15 09:02:21,PAQUETIGO 370 MB X 24 HORAS X BS 3,384,22/02/2024,21/05/2024,TELECEL S.A.,,2024-02-14 21:59:47,4,Santa Cruz,1652,6,f,f,f,f,t,f,f,f,f,f,f,f,f,f,f,f,f,f,f,f,f,,MEGAS MÃVIL<br>,,,
1709,16985,2024-02-15 09:02:21,PAQUETIGO 370 MB X 24 HORAS X BS 3,384,22/02/2024,21/05/2024,TELECEL S.A.,,2024-02-14 21:59:47,4,Beni,1652,6,f,f,f,f,t,f,f,f,f,f,f,f,f,f,f,f,f,f,f,f,f,,MEGAS MÃVIL<br>,,,
1709,16985,2024-02-15 09:02:21,PAQUETIGO 370 MB X 24 HORAS X BS 3,384,22/02/2024,21/05/2024,TELECEL S.A.,,2024-02-14 21:59:47,4,Chuquisaca,1652,6,f,f,f,f,t,f,f,f,f,f,f,f,f,f,f,f,f,f,f,f,f,,MEGAS MÃVIL<br>,,,
1709,16985,2024-02-15 09:02:21,PAQUETIGO 370 MB X 24 HORAS X BS 3,384,22/02/2024,21/05/2024,TELECEL S.A.,,2024-02-14 21:59:47,4,Potosi,1652,6,f,f,f,f,t,f,f,f,f,f,f,f,f,f,f,f,f,f,f,f,f,,MEGAS MÃVIL<br>,,,
1709,16985,2024-02-15 09:02:21,PAQUETIGO 370 MB X 24 HORAS X BS 3,384,22/02/2024,21/05/2024,TELECEL S.A.,,2024-02-14 21:59:47,4,Pando,1652,6,f,f,f,f,t,f,f,f,f,f,f,f,f,f,f,f,f,f,f,f,f,,MEGAS MÃVIL<br>,,,
1709,16985,2024-02-15 09:02:21,PAQUETIGO 370 MB X 24 HORAS X BS 3,384,22/02/2024,21/05/2024,TELECEL S.A.,,2024-02-14 21:59:47,4,La Paz,1652,6,f,f,f,f,t,f,f,f,f,f,f,f,f,f,f,f,f,f,f,f,f,,MEGAS MÃVIL<br>,,,
1709,16985,2024-02-15 09:02:21,PAQUETIGO 370 MB X 24 HORAS X BS 3,384,22/02/2024,21/05/2024,TELECEL S.A.,,2024-02-14 21:59:47,4,Tarija,1652,6,f,f,f,f,t,f,f,f,f,f,f,f,f,f,f,f,f,f,f,f,f,,MEGAS MÃVIL<br>,,,
1709,16985,2024-02-15 09:02:21,PAQUETIGO 370 MB X 24 HORAS X BS 3,384,22/02/2024,21/05/2024,TELECEL S.A.,,2024-02-14 21:59:47,4,Oruro,1652,6,f,f,f,f,t,f,f,f,f,f,f,f,f,f,f,f,f,f,f,f,f,,MEGAS MÃVIL<br>,,,
1709,16985,2024-02-15 09:02:21,PAQUETIGO 370 MB X 24 HORAS X BS 3,384,22/02/2024,21/05/2024,TELECEL S.A.,,2024-02-14 21:59:47,4,Cochabamba,1652,6,f,f,f,f,t,f,f,f,f,f,f,f,f,f,f,f,f,f,f,f,f,,MEGAS MÃVIL<br>,,,
1708,16984,2024-03-26 11:59:40,<b>AMPLIADO</b> - PROMOCIÃN INSTALACIÃN BS1 ,34,19/02/2024,30/04/2024,ENTEL S.A.,,2024-02-14 17:32:33,4,Potosi,1651,6,f,f,f,f,f,f,t,f,f,f,f,f,f,f,f,f,f,t,f,f,f,,,PLANES,,
1708,16984,2024-03-26 11:59:40,<b>AMPLIADO</b> - PROMOCIÃN INSTALACIÃN BS1 ,34,19/02/2024,30/04/2024,ENTEL S.A.,,2024-02-14 17:32:33,4,Pando,1651,6,f,f,f,f,f,f,t,f,f,f,f,f,f,f,f,f,f,t,f,f,f,,,PLANES,,
1708,16984,2024-03-26 11:59:40,<b>AMPLIADO</b> - PROMOCIÃN INSTALACIÃN BS1 ,34,19/02/2024,30/04/2024,ENTEL S.A.,,2024-02-14 17:32:33,4,Beni,1651,6,f,f,f,f,f,f,t,f,f,f,f,f,f,f,f,f,f,t,f,f,f,,,PLANES,,
1708,16984,2024-03-26 11:59:40,<b>AMPLIADO</b> - PROMOCIÃN INSTALACIÃN BS1 ,34,19/02/2024,30/04/2024,ENTEL S.A.,,2024-02-14 17:32:33,4,Chuquisaca,1651,6,f,f,f,f,f,f,t,f,f,f,f,f,f,f,f,f,f,t,f,f,f,,,PLANES,,
1708,16984,2024-03-26 11:59:40,<b>AMPLIADO</b> - PROMOCIÃN INSTALACIÃN BS1 ,34,19/02/2024,30/04/2024,ENTEL S.A.,,2024-02-14 17:32:33,4,Potosi,1651,6,f,f,f,f,f,f,t,f,f,f,f,f,f,f,f,f,f,t,f,f,f,,,PLANES,,
1708,16984,2024-03-26 11:59:40,<b>AMPLIADO</b> - PROMOCIÃN INSTALACIÃN BS1 ,34,19/02/2024,30/04/2024,ENTEL S.A.,,2024-02-14 17:32:33,4,Tarija,1651,6,f,f,f,f,f,f,t,f,f,f,f,f,f,f,f,f,f,t,f,f,f,,,PLANES,,
1708,16984,2024-03-26 11:59:40,<b>AMPLIADO</b> - PROMOCIÃN INSTALACIÃN BS1 ,34,19/02/2024,30/04/2024,ENTEL S.A.,,2024-02-14 17:32:33,4,Oruro,1651,6,f,f,f,f,f,f,t,f,f,f,f,f,f,f,f,f,f,t,f,f,f,,,PLANES,,
1708,16984,2024-03-26 11:59:40,<b>AMPLIADO</b> - PROMOCIÃN INSTALACIÃN BS1 ,34,19/02/2024,30/04/2024,ENTEL S.A.,,2024-02-14 17:32:33,4,Santa Cruz,1651,6,f,f,f,f,f,f,t,f,f,f,f,f,f,f,f,f,f,t,f,f,f,,,PLANES,,
1708,16984,2024-03-26 11:59:40,<b>AMPLIADO</b> - PROMOCIÃN INSTALACIÃN BS1 ,34,19/02/2024,30/04/2024,ENTEL S.A.,,2024-02-14 17:32:33,4,Cochabamba,1651,6,f,f,f,f,f,f,t,f,f,f,f,f,f,f,f,f,f,t,f,f,f,,,PLANES,,
1708,16984,2024-03-26 11:59:40,<b>AMPLIADO</b> - PROMOCIÃN INSTALACIÃN BS1 ,34,19/02/2024,30/04/2024,ENTEL S.A.,,2024-02-14 17:32:33,4,La Paz,1651,6,f,f,f,f,f,f,t,f,f,f,f,f,f,f,f,f,f,t,f,f,f,,,PLANES,,
1708,16984,2024-03-26 11:59:40,<b>AMPLIADO</b> - PROMOCIÃN INSTALACIÃN BS1 ,34,19/02/2024,30/04/2024,ENTEL S.A.,,2024-02-14 17:32:33,4,Pando,1651,6,f,f,f,f,f,f,t,f,f,f,f,f,f,f,f,f,f,t,f,f,f,,,PLANES,,
1708,16984,2024-03-26 11:59:40,<b>AMPLIADO</b> - PROMOCIÃN INSTALACIÃN BS1 ,34,19/02/2024,30/04/2024,ENTEL S.A.,,2024-02-14 17:32:33,4,Beni,1651,6,f,f,f,f,f,f,t,f,f,f,f,f,f,f,f,f,f,t,f,f,f,,,PLANES,,
1708,16984,2024-03-26 11:59:40,<b>AMPLIADO</b> - PROMOCIÃN INSTALACIÃN BS1 ,34,19/02/2024,30/04/2024,ENTEL S.A.,,2024-02-14 17:32:33,4,Chuquisaca,1651,6,f,f,f,f,f,f,t,f,f,f,f,f,f,f,f,f,f,t,f,f,f,,,PLANES,,
1708,16984,2024-03-26 11:59:40,<b>AMPLIADO</b> - PROMOCIÃN INSTALACIÃN BS1 ,34,19/02/2024,30/04/2024,ENTEL S.A.,,2024-02-14 17:32:33,4,Tarija,1651,6,f,f,f,f,f,f,t,f,f,f,f,f,f,f,f,f,f,t,f,f,f,,,PLANES,,
1708,16984,2024-03-26 11:59:40,<b>AMPLIADO</b> - PROMOCIÃN INSTALACIÃN BS1 ,34,19/02/2024,30/04/2024,ENTEL S.A.,,2024-02-14 17:32:33,4,Oruro,1651,6,f,f,f,f,f,f,t,f,f,f,f,f,f,f,f,f,f,t,f,f,f,,,PLANES,,
1708,16984,2024-03-26 11:59:40,<b>AMPLIADO</b> - PROMOCIÃN INSTALACIÃN BS1 ,34,19/02/2024,30/04/2024,ENTEL S.A.,,2024-02-14 17:32:33,4,Santa Cruz,1651,6,f,f,f,f,f,f,t,f,f,f,f,f,f,f,f,f,f,t,f,f,f,,,PLANES,,
1708,16984,2024-03-26 11:59:40,<b>AMPLIADO</b> - PROMOCIÃN INSTALACIÃN BS1 ,34,19/02/2024,30/04/2024,ENTEL S.A.,,2024-02-14 17:32:33,4,Cochabamba,1651,6,f,f,f,f,f,f,t,f,f,f,f,f,f,f,f,f,f,t,f,f,f,,,PLANES,,
1708,16984,2024-03-26 11:59:40,<b>AMPLIADO</b> - PROMOCIÃN INSTALACIÃN BS1 ,34,19/02/2024,30/04/2024,ENTEL S.A.,,2024-02-14 17:32:33,4,La Paz,1651,6,f,f,f,f,f,f,t,f,f,f,f,f,f,f,f,f,f,t,f,f,f,,,PLANES,,
1699,16945,2024-02-01 17:18:56,PROMOCIÃN  CAMBIATE A ENTEL,34,05/02/2024,30/04/2024,ENTEL S.A.,,2024-01-31 11:48:10,4,Santa Cruz,1642,6,t,t,f,f,f,f,f,f,f,f,f,f,f,f,f,f,f,f,f,f,f,PREPAGO MÃVIL<br>POSTPAGO MÃVIL,,,,
1699,16945,2024-02-01 17:18:56,PROMOCIÃN  CAMBIATE A ENTEL,34,05/02/2024,30/04/2024,ENTEL S.A.,,2024-01-31 11:48:10,4,Cochabamba,1642,6,t,t,f,f,f,f,f,f,f,f,f,f,f,f,f,f,f,f,f,f,f,PREPAGO MÃVIL<br>POSTPAGO MÃVIL,,,,
1699,16945,2024-02-01 17:18:56,PROMOCIÃN  CAMBIATE A ENTEL,34,05/02/2024,30/04/2024,ENTEL S.A.,,2024-01-31 11:48:10,4,La Paz,1642,6,t,t,f,f,f,f,f,f,f,f,f,f,f,f,f,f,f,f,f,f,f,PREPAGO MÃVIL<br>POSTPAGO MÃVIL,,,,
1699,16945,2024-02-01 17:18:56,PROMOCIÃN  CAMBIATE A ENTEL,34,05/02/2024,30/04/2024,ENTEL S.A.,,2024-01-31 11:48:10,4,Oruro,1642,6,t,t,f,f,f,f,f,f,f,f,f,f,f,f,f,f,f,f,f,f,f,PREPAGO MÃVIL<br>POSTPAGO MÃVIL,,,,
1699,16945,2024-02-01 17:18:56,PROMOCIÃN  CAMBIATE A ENTEL,34,05/02/2024,30/04/2024,ENTEL S.A.,,2024-01-31 11:48:10,4,Tarija,1642,6,t,t,f,f,f,f,f,f,f,f,f,f,f,f,f,f,f,f,f,f,f,PREPAGO MÃVIL<br>POSTPAGO MÃVIL,,,,
1699,16945,2024-02-01 17:18:56,PROMOCIÃN  CAMBIATE A ENTEL,34,05/02/2024,30/04/2024,ENTEL S.A.,,2024-01-31 11:48:10,4,Potosi,1642,6,t,t,f,f,f,f,f,f,f,f,f,f,f,f,f,f,f,f,f,f,f,PREPAGO MÃVIL<br>POSTPAGO MÃVIL,,,,
1699,16945,2024-02-01 17:18:56,PROMOCIÃN  CAMBIATE A ENTEL,34,05/02/2024,30/04/2024,ENTEL S.A.,,2024-01-31 11:48:10,4,Chuquisaca,1642,6,t,t,f,f,f,f,f,f,f,f,f,f,f,f,f,f,f,f,f,f,f,PREPAGO MÃVIL<br>POSTPAGO MÃVIL,,,,
1699,16945,2024-02-01 17:18:56,PROMOCIÃN  CAMBIATE A ENTEL,34,05/02/2024,30/04/2024,ENTEL S.A.,,2024-01-31 11:48:10,4,Beni,1642,6,t,t,f,f,f,f,f,f,f,f,f,f,f,f,f,f,f,f,f,f,f,PREPAGO MÃVIL<br>POSTPAGO MÃVIL,,,,
1699,16945,2024-02-01 17:18:56,PROMOCIÃN  CAMBIATE A ENTEL,34,05/02/2024,30/04/2024,ENTEL S.A.,,2024-01-31 11:48:10,4,Pando,1642,6,t,t,f,f,f,f,f,f,f,f,f,f,f,f,f,f,f,f,f,f,f,PREPAGO MÃVIL<br>POSTPAGO MÃVIL,,,,
1696,16816,2024-01-26 18:15:34, âPROMO DEL MILLÃNâ,34,01/02/2024,30/04/2024,ENTEL S.A.,,2024-01-25 15:41:34,4,Pando,1639,6,t,t,f,f,f,f,f,f,f,t,f,f,f,f,f,f,f,f,f,f,f,PREPAGO MÃVIL<br>POSTPAGO MÃVIL,BOLSAS MÃVIL<br>,,,
1696,16816,2024-01-26 18:15:34, âPROMO DEL MILLÃNâ,34,01/02/2024,30/04/2024,ENTEL S.A.,,2024-01-25 15:41:34,4,La Paz,1639,6,t,t,f,f,f,f,f,f,f,t,f,f,f,f,f,f,f,f,f,f,f,PREPAGO MÃVIL<br>POSTPAGO MÃVIL,BOLSAS MÃVIL<br>,,,
1696,16816,2024-01-26 18:15:34, âPROMO DEL MILLÃNâ,34,01/02/2024,30/04/2024,ENTEL S.A.,,2024-01-25 15:41:34,4,Cochabamba,1639,6,t,t,f,f,f,f,f,f,f,t,f,f,f,f,f,f,f,f,f,f,f,PREPAGO MÃVIL<br>POSTPAGO MÃVIL,BOLSAS MÃVIL<br>,,,
1696,16816,2024-01-26 18:15:34, âPROMO DEL MILLÃNâ,34,01/02/2024,30/04/2024,ENTEL S.A.,,2024-01-25 15:41:34,4,Santa Cruz,1639,6,t,t,f,f,f,f,f,f,f,t,f,f,f,f,f,f,f,f,f,f,f,PREPAGO MÃVIL<br>POSTPAGO MÃVIL,BOLSAS MÃVIL<br>,,,
1696,16816,2024-01-26 18:15:34, âPROMO DEL MILLÃNâ,34,01/02/2024,30/04/2024,ENTEL S.A.,,2024-01-25 15:41:34,4,Oruro,1639,6,t,t,f,f,f,f,f,f,f,t,f,f,f,f,f,f,f,f,f,f,f,PREPAGO MÃVIL<br>POSTPAGO MÃVIL,BOLSAS MÃVIL<br>,,,
1696,16816,2024-01-26 18:15:34, âPROMO DEL MILLÃNâ,34,01/02/2024,30/04/2024,ENTEL S.A.,,2024-01-25 15:41:34,4,Tarija,1639,6,t,t,f,f,f,f,f,f,f,t,f,f,f,f,f,f,f,f,f,f,f,PREPAGO MÃVIL<br>POSTPAGO MÃVIL,BOLSAS MÃVIL<br>,,,
1696,16816,2024-01-26 18:15:34, âPROMO DEL MILLÃNâ,34,01/02/2024,30/04/2024,ENTEL S.A.,,2024-01-25 15:41:34,4,Potosi,1639,6,t,t,f,f,f,f,f,f,f,t,f,f,f,f,f,f,f,f,f,f,f,PREPAGO MÃVIL<br>POSTPAGO MÃVIL,BOLSAS MÃVIL<br>,,,
1696,16816,2024-01-26 18:15:34, âPROMO DEL MILLÃNâ,34,01/02/2024,30/04/2024,ENTEL S.A.,,2024-01-25 15:41:34,4,Chuquisaca,1639,6,t,t,f,f,f,f,f,f,f,t,f,f,f,f,f,f,f,f,f,f,f,PREPAGO MÃVIL<br>POSTPAGO MÃVIL,BOLSAS MÃVIL<br>,,,
1696,16816,2024-01-26 18:15:34, âPROMO DEL MILLÃNâ,34,01/02/2024,30/04/2024,ENTEL S.A.,,2024-01-25 15:41:34,4,Beni,1639,6,t,t,f,f,f,f,f,f,f,t,f,f,f,f,f,f,f,f,f,f,f,PREPAGO MÃVIL<br>POSTPAGO MÃVIL,BOLSAS MÃVIL<br>,,,
1692,16809,2024-02-22 11:13:39,<b>AMPLIADO</b> - VERANO CONECTADO,384,26/01/2024,06/05/2024,TELECEL S.A.,,2024-01-17 18:00:38,4,Potosi,1635,6,f,f,f,f,f,f,f,f,t,f,f,f,f,f,f,f,f,t,f,f,t,,,,INTERNET,
1692,16809,2024-02-22 11:13:39,<b>AMPLIADO</b> - VERANO CONECTADO,384,26/01/2024,06/05/2024,TELECEL S.A.,,2024-01-17 18:00:38,4,Chuquisaca,1635,6,f,f,f,f,f,f,f,f,t,f,f,f,f,f,f,f,f,t,f,f,t,,,,INTERNET,
1692,16809,2024-02-22 11:13:39,<b>AMPLIADO</b> - VERANO CONECTADO,384,26/01/2024,06/05/2024,TELECEL S.A.,,2024-01-17 18:00:38,4,Potosi,1635,6,f,f,f,f,f,f,f,f,t,f,f,f,f,f,f,f,f,t,f,f,t,,,,INTERNET,
1692,16809,2024-02-22 11:13:39,<b>AMPLIADO</b> - VERANO CONECTADO,384,26/01/2024,06/05/2024,TELECEL S.A.,,2024-01-17 18:00:38,4,Tarija,1635,6,f,f,f,f,f,f,f,f,t,f,f,f,f,f,f,f,f,t,f,f,t,,,,INTERNET,
1692,16809,2024-02-22 11:13:39,<b>AMPLIADO</b> - VERANO CONECTADO,384,26/01/2024,06/05/2024,TELECEL S.A.,,2024-01-17 18:00:38,4,Oruro,1635,6,f,f,f,f,f,f,f,f,t,f,f,f,f,f,f,f,f,t,f,f,t,,,,INTERNET,
1692,16809,2024-02-22 11:13:39,<b>AMPLIADO</b> - VERANO CONECTADO,384,26/01/2024,06/05/2024,TELECEL S.A.,,2024-01-17 18:00:38,4,Santa Cruz,1635,6,f,f,f,f,f,f,f,f,t,f,f,f,f,f,f,f,f,t,f,f,t,,,,INTERNET,
1692,16809,2024-02-22 11:13:39,<b>AMPLIADO</b> - VERANO CONECTADO,384,26/01/2024,06/05/2024,TELECEL S.A.,,2024-01-17 18:00:38,4,Cochabamba,1635,6,f,f,f,f,f,f,f,f,t,f,f,f,f,f,f,f,f,t,f,f,t,,,,INTERNET,
1692,16809,2024-02-22 11:13:39,<b>AMPLIADO</b> - VERANO CONECTADO,384,26/01/2024,06/05/2024,TELECEL S.A.,,2024-01-17 18:00:38,4,La Paz,1635,6,f,f,f,f,f,f,f,f,t,f,f,f,f,f,f,f,f,t,f,f,t,,,,INTERNET,
1692,16809,2024-02-22 11:13:39,<b>AMPLIADO</b> - VERANO CONECTADO,384,26/01/2024,06/05/2024,TELECEL S.A.,,2024-01-17 18:00:38,4,La Paz,1635,6,f,f,f,f,f,f,f,f,t,f,f,f,f,f,f,f,f,t,f,f,t,,,,INTERNET,
1692,16809,2024-02-22 11:13:39,<b>AMPLIADO</b> - VERANO CONECTADO,384,26/01/2024,06/05/2024,TELECEL S.A.,,2024-01-17 18:00:38,4,Cochabamba,1635,6,f,f,f,f,f,f,f,f,t,f,f,f,f,f,f,f,f,t,f,f,t,,,,INTERNET,
1692,16809,2024-02-22 11:13:39,<b>AMPLIADO</b> - VERANO CONECTADO,384,26/01/2024,06/05/2024,TELECEL S.A.,,2024-01-17 18:00:38,4,Santa Cruz,1635,6,f,f,f,f,f,f,f,f,t,f,f,f,f,f,f,f,f,t,f,f,t,,,,INTERNET,
1692,16809,2024-02-22 11:13:39,<b>AMPLIADO</b> - VERANO CONECTADO,384,26/01/2024,06/05/2024,TELECEL S.A.,,2024-01-17 18:00:38,4,Oruro,1635,6,f,f,f,f,f,f,f,f,t,f,f,f,f,f,f,f,f,t,f,f,t,,,,INTERNET,
1692,16809,2024-02-22 11:13:39,<b>AMPLIADO</b> - VERANO CONECTADO,384,26/01/2024,06/05/2024,TELECEL S.A.,,2024-01-17 18:00:38,4,Tarija,1635,6,f,f,f,f,f,f,f,f,t,f,f,f,f,f,f,f,f,t,f,f,t,,,,INTERNET,
1692,16809,2024-02-22 11:13:39,<b>AMPLIADO</b> - VERANO CONECTADO,384,26/01/2024,06/05/2024,TELECEL S.A.,,2024-01-17 18:00:38,4,Chuquisaca,1635,6,f,f,f,f,f,f,f,f,t,f,f,f,f,f,f,f,f,t,f,f,t,,,,INTERNET,
1687,16732,2024-01-12 09:12:55,NAVEGA,384,29/01/2024,30/04/2024,TELECEL S.A.,,2024-01-11 16:34:11,4,Oruro,1630,6,t,f,f,f,t,f,f,f,f,f,f,f,f,f,f,f,f,f,f,f,f,PREPAGO MÃVIL<br>,MEGAS MÃVIL<br>,,,
1687,16732,2024-01-12 09:12:55,NAVEGA,384,29/01/2024,30/04/2024,TELECEL S.A.,,2024-01-11 16:34:11,4,La Paz,1630,6,t,f,f,f,t,f,f,f,f,f,f,f,f,f,f,f,f,f,f,f,f,PREPAGO MÃVIL<br>,MEGAS MÃVIL<br>,,,
1687,16732,2024-01-12 09:12:55,NAVEGA,384,29/01/2024,30/04/2024,TELECEL S.A.,,2024-01-11 16:34:11,4,Potosi,1630,6,t,f,f,f,t,f,f,f,f,f,f,f,f,f,f,f,f,f,f,f,f,PREPAGO MÃVIL<br>,MEGAS MÃVIL<br>,,,
1687,16732,2024-01-12 09:12:55,NAVEGA,384,29/01/2024,30/04/2024,TELECEL S.A.,,2024-01-11 16:34:11,4,Cochabamba,1630,6,t,f,f,f,t,f,f,f,f,f,f,f,f,f,f,f,f,f,f,f,f,PREPAGO MÃVIL<br>,MEGAS MÃVIL<br>,,,
1687,16732,2024-01-12 09:12:55,NAVEGA,384,29/01/2024,30/04/2024,TELECEL S.A.,,2024-01-11 16:34:11,4,Santa Cruz,1630,6,t,f,f,f,t,f,f,f,f,f,f,f,f,f,f,f,f,f,f,f,f,PREPAGO MÃVIL<br>,MEGAS MÃVIL<br>,,,
1687,16732,2024-01-12 09:12:55,NAVEGA,384,29/01/2024,30/04/2024,TELECEL S.A.,,2024-01-11 16:34:11,4,Pando,1630,6,t,f,f,f,t,f,f,f,f,f,f,f,f,f,f,f,f,f,f,f,f,PREPAGO MÃVIL<br>,MEGAS MÃVIL<br>,,,
1687,16732,2024-01-12 09:12:55,NAVEGA,384,29/01/2024,30/04/2024,TELECEL S.A.,,2024-01-11 16:34:11,4,Beni,1630,6,t,f,f,f,t,f,f,f,f,f,f,f,f,f,f,f,f,f,f,f,f,PREPAGO MÃVIL<br>,MEGAS MÃVIL<br>,,,
1687,16732,2024-01-12 09:12:55,NAVEGA,384,29/01/2024,30/04/2024,TELECEL S.A.,,2024-01-11 16:34:11,4,Chuquisaca,1630,6,t,f,f,f,t,f,f,f,f,f,f,f,f,f,f,f,f,f,f,f,f,PREPAGO MÃVIL<br>,MEGAS MÃVIL<br>,,,
1687,16732,2024-01-12 09:12:55,NAVEGA,384,29/01/2024,30/04/2024,TELECEL S.A.,,2024-01-11 16:34:11,4,Tarija,1630,6,t,f,f,f,t,f,f,f,f,f,f,f,f,f,f,f,f,f,f,f,f,PREPAGO MÃVIL<br>,MEGAS MÃVIL<br>,,,
1680,16582,2023-12-29 10:47:32,RIXUNTAÃA,939,02/01/2024,30/04/2024,agencia para el desarrollo de la sociedad de la informaciÃ³n en bolivia - ADSIB,,2023-12-29 10:25:32,4,Potosi,1623,6,f,f,f,f,f,f,f,f,f,f,f,f,t,f,f,f,f,f,f,f,f,,,,,VALOR AGREGADO<br>
1680,16582,2023-12-29 10:47:32,RIXUNTAÃA,939,02/01/2024,30/04/2024,agencia para el desarrollo de la sociedad de la informaciÃ³n en bolivia - ADSIB,,2023-12-29 10:25:32,4,Beni,1623,6,f,f,f,f,f,f,f,f,f,f,f,f,t,f,f,f,f,f,f,f,f,,,,,VALOR AGREGADO<br>
1680,16582,2023-12-29 10:47:32,RIXUNTAÃA,939,02/01/2024,30/04/2024,agencia para el desarrollo de la sociedad de la informaciÃ³n en bolivia - ADSIB,,2023-12-29 10:25:32,4,Pando,1623,6,f,f,f,f,f,f,f,f,f,f,f,f,t,f,f,f,f,f,f,f,f,,,,,VALOR AGREGADO<br>
1680,16582,2023-12-29 10:47:32,RIXUNTAÃA,939,02/01/2024,30/04/2024,agencia para el desarrollo de la sociedad de la informaciÃ³n en bolivia - ADSIB,,2023-12-29 10:25:32,4,La Paz,1623,6,f,f,f,f,f,f,f,f,f,f,f,f,t,f,f,f,f,f,f,f,f,,,,,VALOR AGREGADO<br>
1680,16582,2023-12-29 10:47:32,RIXUNTAÃA,939,02/01/2024,30/04/2024,agencia para el desarrollo de la sociedad de la informaciÃ³n en bolivia - ADSIB,,2023-12-29 10:25:32,4,Cochabamba,1623,6,f,f,f,f,f,f,f,f,f,f,f,f,t,f,f,f,f,f,f,f,f,,,,,VALOR AGREGADO<br>
1680,16582,2023-12-29 10:47:32,RIXUNTAÃA,939,02/01/2024,30/04/2024,agencia para el desarrollo de la sociedad de la informaciÃ³n en bolivia - ADSIB,,2023-12-29 10:25:32,4,Santa Cruz,1623,6,f,f,f,f,f,f,f,f,f,f,f,f,t,f,f,f,f,f,f,f,f,,,,,VALOR AGREGADO<br>
1680,16582,2023-12-29 10:47:32,RIXUNTAÃA,939,02/01/2024,30/04/2024,agencia para el desarrollo de la sociedad de la informaciÃ³n en bolivia - ADSIB,,2023-12-29 10:25:32,4,Oruro,1623,6,f,f,f,f,f,f,f,f,f,f,f,f,t,f,f,f,f,f,f,f,f,,,,,VALOR AGREGADO<br>
1680,16582,2023-12-29 10:47:32,RIXUNTAÃA,939,02/01/2024,30/04/2024,agencia para el desarrollo de la sociedad de la informaciÃ³n en bolivia - ADSIB,,2023-12-29 10:25:32,4,Tarija,1623,6,f,f,f,f,f,f,f,f,f,f,f,f,t,f,f,f,f,f,f,f,f,,,,,VALOR AGREGADO<br>
1680,16582,2023-12-29 10:47:32,RIXUNTAÃA,939,02/01/2024,30/04/2024,agencia para el desarrollo de la sociedad de la informaciÃ³n en bolivia - ADSIB,,2023-12-29 10:25:32,4,Chuquisaca,1623,6,f,f,f,f,f,f,f,f,f,f,f,f,t,f,f,f,f,f,f,f,f,,,,,VALOR AGREGADO<br>
1678,16575,2024-02-15 09:09:45,<b>AMPLIADO</b> - PAQUEGANES,34,04/01/2024,30/04/2024,ENTEL S.A.,,2023-12-28 10:21:23,4,Chuquisaca,1621,6,t,t,f,f,f,f,f,f,f,t,f,f,f,f,f,f,f,f,f,f,f,PREPAGO MÃVIL<br>POSTPAGO MÃVIL,BOLSAS MÃVIL<br>,,,
1678,16575,2024-02-15 09:09:45,<b>AMPLIADO</b> - PAQUEGANES,34,04/01/2024,30/04/2024,ENTEL S.A.,,2023-12-28 10:21:23,4,La Paz,1621,6,t,t,f,f,f,f,f,f,f,t,f,f,f,f,f,f,f,f,f,f,f,PREPAGO MÃVIL<br>POSTPAGO MÃVIL,BOLSAS MÃVIL<br>,,,
1678,16575,2024-02-15 09:09:45,<b>AMPLIADO</b> - PAQUEGANES,34,04/01/2024,30/04/2024,ENTEL S.A.,,2023-12-28 10:21:23,4,Cochabamba,1621,6,t,t,f,f,f,f,f,f,f,t,f,f,f,f,f,f,f,f,f,f,f,PREPAGO MÃVIL<br>POSTPAGO MÃVIL,BOLSAS MÃVIL<br>,,,
1678,16575,2024-02-15 09:09:45,<b>AMPLIADO</b> - PAQUEGANES,34,04/01/2024,30/04/2024,ENTEL S.A.,,2023-12-28 10:21:23,4,Santa Cruz,1621,6,t,t,f,f,f,f,f,f,f,t,f,f,f,f,f,f,f,f,f,f,f,PREPAGO MÃVIL<br>POSTPAGO MÃVIL,BOLSAS MÃVIL<br>,,,
1678,16575,2024-02-15 09:09:45,<b>AMPLIADO</b> - PAQUEGANES,34,04/01/2024,30/04/2024,ENTEL S.A.,,2023-12-28 10:21:23,4,Tarija,1621,6,t,t,f,f,f,f,f,f,f,t,f,f,f,f,f,f,f,f,f,f,f,PREPAGO MÃVIL<br>POSTPAGO MÃVIL,BOLSAS MÃVIL<br>,,,
1678,16575,2024-02-15 09:09:45,<b>AMPLIADO</b> - PAQUEGANES,34,04/01/2024,30/04/2024,ENTEL S.A.,,2023-12-28 10:21:23,4,Oruro,1621,6,t,t,f,f,f,f,f,f,f,t,f,f,f,f,f,f,f,f,f,f,f,PREPAGO MÃVIL<br>POSTPAGO MÃVIL,BOLSAS MÃVIL<br>,,,
1678,16575,2024-02-15 09:09:45,<b>AMPLIADO</b> - PAQUEGANES,34,04/01/2024,30/04/2024,ENTEL S.A.,,2023-12-28 10:21:23,4,Pando,1621,6,t,t,f,f,f,f,f,f,f,t,f,f,f,f,f,f,f,f,f,f,f,PREPAGO MÃVIL<br>POSTPAGO MÃVIL,BOLSAS MÃVIL<br>,,,
1678,16575,2024-02-15 09:09:45,<b>AMPLIADO</b> - PAQUEGANES,34,04/01/2024,30/04/2024,ENTEL S.A.,,2023-12-28 10:21:23,4,Beni,1621,6,t,t,f,f,f,f,f,f,f,t,f,f,f,f,f,f,f,f,f,f,f,PREPAGO MÃVIL<br>POSTPAGO MÃVIL,BOLSAS MÃVIL<br>,,,
1678,16575,2024-02-15 09:09:45,<b>AMPLIADO</b> - PAQUEGANES,34,04/01/2024,30/04/2024,ENTEL S.A.,,2023-12-28 10:21:23,4,Potosi,1621,6,t,t,f,f,f,f,f,f,f,t,f,f,f,f,f,f,f,f,f,f,f,PREPAGO MÃVIL<br>POSTPAGO MÃVIL,BOLSAS MÃVIL<br>,,,
1670,16495,2024-02-14 14:48:16,<b>AMPLIADO</b> - âLOCOS POR LA VELOCIDADâ,21,19/02/2024,18/04/2024, COMTECO r.l.,,2023-12-18 09:24:34,4,Cochabamba,1613,6,f,f,f,f,f,f,f,f,t,f,f,f,f,f,f,f,f,t,t,f,t,,,,INTERNET,
1670,16495,2024-02-14 14:48:16,<b>AMPLIADO</b> - âLOCOS POR LA VELOCIDADâ,21,19/02/2024,18/04/2024, COMTECO r.l.,,2023-12-18 09:24:34,4,Cochabamba,1613,6,f,f,f,f,f,f,f,f,t,f,f,f,f,f,f,f,f,t,t,f,t,,,,INTERNET,
1669,16494,2024-03-25 14:56:52,<b>AMPLIADO</b> - INSTALACIÃ³N Y 1ER MES A BS 1,467,02/01/2024,30/04/2024,AXS BOLIVIA,,2023-12-15 12:27:23,4,Santa Cruz,1612,6,f,f,f,f,f,f,f,f,t,f,f,f,f,f,f,f,f,f,t,f,f,,,,INTERNET,
1669,16494,2024-03-25 14:56:52,<b>AMPLIADO</b> - INSTALACIÃ³N Y 1ER MES A BS 1,467,02/01/2024,30/04/2024,AXS BOLIVIA,,2023-12-15 12:27:23,4,Santa Cruz,1612,6,f,f,f,f,f,f,f,f,t,f,f,f,f,f,f,f,f,f,t,f,f,,,,INTERNET,
1669,16494,2024-03-25 14:56:52,<b>AMPLIADO</b> - INSTALACIÃ³N Y 1ER MES A BS 1,467,02/01/2024,30/04/2024,AXS BOLIVIA,,2023-12-15 12:27:23,4,Cochabamba,1612,6,f,f,f,f,f,f,f,f,t,f,f,f,f,f,f,f,f,f,t,f,f,,,,INTERNET,
1669,16494,2024-03-25 14:56:52,<b>AMPLIADO</b> - INSTALACIÃ³N Y 1ER MES A BS 1,467,02/01/2024,30/04/2024,AXS BOLIVIA,,2023-12-15 12:27:23,4,La Paz,1612,6,f,f,f,f,f,f,f,f,t,f,f,f,f,f,f,f,f,f,t,f,f,,,,INTERNET,
1669,16494,2024-03-25 14:56:52,<b>AMPLIADO</b> - INSTALACIÃ³N Y 1ER MES A BS 1,467,02/01/2024,30/04/2024,AXS BOLIVIA,,2023-12-15 12:27:23,4,Cochabamba,1612,6,f,f,f,f,f,f,f,f,t,f,f,f,f,f,f,f,f,f,t,f,f,,,,INTERNET,
1669,16494,2024-03-25 14:56:52,<b>AMPLIADO</b> - INSTALACIÃ³N Y 1ER MES A BS 1,467,02/01/2024,30/04/2024,AXS BOLIVIA,,2023-12-15 12:27:23,4,Santa Cruz,1612,6,f,f,f,f,f,f,f,f,t,f,f,f,f,f,f,f,f,f,t,f,f,,,,INTERNET,
1669,16494,2024-03-25 14:56:52,<b>AMPLIADO</b> - INSTALACIÃ³N Y 1ER MES A BS 1,467,02/01/2024,30/04/2024,AXS BOLIVIA,,2023-12-15 12:27:23,4,La Paz,1612,6,f,f,f,f,f,f,f,f,t,f,f,f,f,f,f,f,f,f,t,f,f,,,,INTERNET,
1669,16494,2024-03-25 14:56:52,<b>AMPLIADO</b> - INSTALACIÃ³N Y 1ER MES A BS 1,467,02/01/2024,30/04/2024,AXS BOLIVIA,,2023-12-15 12:27:23,4,Cochabamba,1612,6,f,f,f,f,f,f,f,f,t,f,f,f,f,f,f,f,f,f,t,f,f,,,,INTERNET,
1669,16494,2024-03-25 14:56:52,<b>AMPLIADO</b> - INSTALACIÃ³N Y 1ER MES A BS 1,467,02/01/2024,30/04/2024,AXS BOLIVIA,,2023-12-15 12:27:23,4,La Paz,1612,6,f,f,f,f,f,f,f,f,t,f,f,f,f,f,f,f,f,f,t,f,f,,,,INTERNET,
1666,16491,2024-03-14 11:24:06,<b>AMPLIADO</b> - PAQUETES ILIMITA2,34,19/12/2023,16/06/2024,ENTEL S.A.,,2023-12-14 09:37:37,4,Santa Cruz,1609,6,t,t,f,f,f,f,f,f,f,t,f,f,f,f,f,f,f,f,f,f,f,PREPAGO MÃVIL<br>POSTPAGO MÃVIL,BOLSAS MÃVIL<br>,,,
1666,16491,2024-03-14 11:24:06,<b>AMPLIADO</b> - PAQUETES ILIMITA2,34,19/12/2023,16/06/2024,ENTEL S.A.,,2023-12-14 09:37:37,4,Oruro,1609,6,t,t,f,f,f,f,f,f,f,t,f,f,f,f,f,f,f,f,f,f,f,PREPAGO MÃVIL<br>POSTPAGO MÃVIL,BOLSAS MÃVIL<br>,,,
1666,16491,2024-03-14 11:24:06,<b>AMPLIADO</b> - PAQUETES ILIMITA2,34,19/12/2023,16/06/2024,ENTEL S.A.,,2023-12-14 09:37:37,4,Tarija,1609,6,t,t,f,f,f,f,f,f,f,t,f,f,f,f,f,f,f,f,f,f,f,PREPAGO MÃVIL<br>POSTPAGO MÃVIL,BOLSAS MÃVIL<br>,,,
1666,16491,2024-03-14 11:24:06,<b>AMPLIADO</b> - PAQUETES ILIMITA2,34,19/12/2023,16/06/2024,ENTEL S.A.,,2023-12-14 09:37:37,4,Potosi,1609,6,t,t,f,f,f,f,f,f,f,t,f,f,f,f,f,f,f,f,f,f,f,PREPAGO MÃVIL<br>POSTPAGO MÃVIL,BOLSAS MÃVIL<br>,,,
1666,16491,2024-03-14 11:24:06,<b>AMPLIADO</b> - PAQUETES ILIMITA2,34,19/12/2023,16/06/2024,ENTEL S.A.,,2023-12-14 09:37:37,4,Chuquisaca,1609,6,t,t,f,f,f,f,f,f,f,t,f,f,f,f,f,f,f,f,f,f,f,PREPAGO MÃVIL<br>POSTPAGO MÃVIL,BOLSAS MÃVIL<br>,,,
1666,16491,2024-03-14 11:24:06,<b>AMPLIADO</b> - PAQUETES ILIMITA2,34,19/12/2023,16/06/2024,ENTEL S.A.,,2023-12-14 09:37:37,4,Beni,1609,6,t,t,f,f,f,f,f,f,f,t,f,f,f,f,f,f,f,f,f,f,f,PREPAGO MÃVIL<br>POSTPAGO MÃVIL,BOLSAS MÃVIL<br>,,,
1666,16491,2024-03-14 11:24:06,<b>AMPLIADO</b> - PAQUETES ILIMITA2,34,19/12/2023,16/06/2024,ENTEL S.A.,,2023-12-14 09:37:37,4,Pando,1609,6,t,t,f,f,f,f,f,f,f,t,f,f,f,f,f,f,f,f,f,f,f,PREPAGO MÃVIL<br>POSTPAGO MÃVIL,BOLSAS MÃVIL<br>,,,
1666,16491,2024-03-14 11:24:06,<b>AMPLIADO</b> - PAQUETES ILIMITA2,34,19/12/2023,16/06/2024,ENTEL S.A.,,2023-12-14 09:37:37,4,Pando,1609,6,t,t,f,f,f,f,f,f,f,t,f,f,f,f,f,f,f,f,f,f,f,PREPAGO MÃVIL<br>POSTPAGO MÃVIL,BOLSAS MÃVIL<br>,,,
1666,16491,2024-03-14 11:24:06,<b>AMPLIADO</b> - PAQUETES ILIMITA2,34,19/12/2023,16/06/2024,ENTEL S.A.,,2023-12-14 09:37:37,4,Beni,1609,6,t,t,f,f,f,f,f,f,f,t,f,f,f,f,f,f,f,f,f,f,f,PREPAGO MÃVIL<br>POSTPAGO MÃVIL,BOLSAS MÃVIL<br>,,,
1666,16491,2024-03-14 11:24:06,<b>AMPLIADO</b> - PAQUETES ILIMITA2,34,19/12/2023,16/06/2024,ENTEL S.A.,,2023-12-14 09:37:37,4,Chuquisaca,1609,6,t,t,f,f,f,f,f,f,f,t,f,f,f,f,f,f,f,f,f,f,f,PREPAGO MÃVIL<br>POSTPAGO MÃVIL,BOLSAS MÃVIL<br>,,,
1666,16491,2024-03-14 11:24:06,<b>AMPLIADO</b> - PAQUETES ILIMITA2,34,19/12/2023,16/06/2024,ENTEL S.A.,,2023-12-14 09:37:37,4,Potosi,1609,6,t,t,f,f,f,f,f,f,f,t,f,f,f,f,f,f,f,f,f,f,f,PREPAGO MÃVIL<br>POSTPAGO MÃVIL,BOLSAS MÃVIL<br>,,,
1666,16491,2024-03-14 11:24:06,<b>AMPLIADO</b> - PAQUETES ILIMITA2,34,19/12/2023,16/06/2024,ENTEL S.A.,,2023-12-14 09:37:37,4,Tarija,1609,6,t,t,f,f,f,f,f,f,f,t,f,f,f,f,f,f,f,f,f,f,f,PREPAGO MÃVIL<br>POSTPAGO MÃVIL,BOLSAS MÃVIL<br>,,,
1666,16491,2024-03-14 11:24:06,<b>AMPLIADO</b> - PAQUETES ILIMITA2,34,19/12/2023,16/06/2024,ENTEL S.A.,,2023-12-14 09:37:37,4,Oruro,1609,6,t,t,f,f,f,f,f,f,f,t,f,f,f,f,f,f,f,f,f,f,f,PREPAGO MÃVIL<br>POSTPAGO MÃVIL,BOLSAS MÃVIL<br>,,,
1666,16491,2024-03-14 11:24:06,<b>AMPLIADO</b> - PAQUETES ILIMITA2,34,19/12/2023,16/06/2024,ENTEL S.A.,,2023-12-14 09:37:37,4,Santa Cruz,1609,6,t,t,f,f,f,f,f,f,f,t,f,f,f,f,f,f,f,f,f,f,f,PREPAGO MÃVIL<br>POSTPAGO MÃVIL,BOLSAS MÃVIL<br>,,,
1666,16491,2024-03-14 11:24:06,<b>AMPLIADO</b> - PAQUETES ILIMITA2,34,19/12/2023,16/06/2024,ENTEL S.A.,,2023-12-14 09:37:37,4,Cochabamba,1609,6,t,t,f,f,f,f,f,f,f,t,f,f,f,f,f,f,f,f,f,f,f,PREPAGO MÃVIL<br>POSTPAGO MÃVIL,BOLSAS MÃVIL<br>,,,
1666,16491,2024-03-14 11:24:06,<b>AMPLIADO</b> - PAQUETES ILIMITA2,34,19/12/2023,16/06/2024,ENTEL S.A.,,2023-12-14 09:37:37,4,La Paz,1609,6,t,t,f,f,f,f,f,f,f,t,f,f,f,f,f,f,f,f,f,f,f,PREPAGO MÃVIL<br>POSTPAGO MÃVIL,BOLSAS MÃVIL<br>,,,
1666,16491,2024-03-14 11:24:06,<b>AMPLIADO</b> - PAQUETES ILIMITA2,34,19/12/2023,16/06/2024,ENTEL S.A.,,2023-12-14 09:37:37,4,La Paz,1609,6,t,t,f,f,f,f,f,f,f,t,f,f,f,f,f,f,f,f,f,f,f,PREPAGO MÃVIL<br>POSTPAGO MÃVIL,BOLSAS MÃVIL<br>,,,
1666,16491,2024-03-14 11:24:06,<b>AMPLIADO</b> - PAQUETES ILIMITA2,34,19/12/2023,16/06/2024,ENTEL S.A.,,2023-12-14 09:37:37,4,Cochabamba,1609,6,t,t,f,f,f,f,f,f,f,t,f,f,f,f,f,f,f,f,f,f,f,PREPAGO MÃVIL<br>POSTPAGO MÃVIL,BOLSAS MÃVIL<br>,,,
1663,16488,2024-02-01 12:26:00,<b>AMPLIADO</b> - HOLA MI TIGO ,384,15/12/2023,21/05/2024,TELECEL S.A.,,2023-12-12 11:10:16,4,Pando,1606,6,f,f,f,f,t,f,f,f,f,f,f,f,f,f,f,f,f,f,f,f,f,,MEGAS MÃVIL<br>,,,
1663,16488,2024-02-01 12:26:00,<b>AMPLIADO</b> - HOLA MI TIGO ,384,15/12/2023,21/05/2024,TELECEL S.A.,,2023-12-12 11:10:16,4,Tarija,1606,6,f,f,f,f,t,f,f,f,f,f,f,f,f,f,f,f,f,f,f,f,f,,MEGAS MÃVIL<br>,,,
1663,16488,2024-02-01 12:26:00,<b>AMPLIADO</b> - HOLA MI TIGO ,384,15/12/2023,21/05/2024,TELECEL S.A.,,2023-12-12 11:10:16,4,Oruro,1606,6,f,f,f,f,t,f,f,f,f,f,f,f,f,f,f,f,f,f,f,f,f,,MEGAS MÃVIL<br>,,,
1663,16488,2024-02-01 12:26:00,<b>AMPLIADO</b> - HOLA MI TIGO ,384,15/12/2023,21/05/2024,TELECEL S.A.,,2023-12-12 11:10:16,4,Santa Cruz,1606,6,f,f,f,f,t,f,f,f,f,f,f,f,f,f,f,f,f,f,f,f,f,,MEGAS MÃVIL<br>,,,
1663,16488,2024-02-01 12:26:00,<b>AMPLIADO</b> - HOLA MI TIGO ,384,15/12/2023,21/05/2024,TELECEL S.A.,,2023-12-12 11:10:16,4,La Paz,1606,6,f,f,f,f,t,f,f,f,f,f,f,f,f,f,f,f,f,f,f,f,f,,MEGAS MÃVIL<br>,,,
1663,16488,2024-02-01 12:26:00,<b>AMPLIADO</b> - HOLA MI TIGO ,384,15/12/2023,21/05/2024,TELECEL S.A.,,2023-12-12 11:10:16,4,Cochabamba,1606,6,f,f,f,f,t,f,f,f,f,f,f,f,f,f,f,f,f,f,f,f,f,,MEGAS MÃVIL<br>,,,
1663,16488,2024-02-01 12:26:00,<b>AMPLIADO</b> - HOLA MI TIGO ,384,15/12/2023,21/05/2024,TELECEL S.A.,,2023-12-12 11:10:16,4,La Paz,1606,6,f,f,f,f,t,f,f,f,f,f,f,f,f,f,f,f,f,f,f,f,f,,MEGAS MÃVIL<br>,,,
1663,16488,2024-02-01 12:26:00,<b>AMPLIADO</b> - HOLA MI TIGO ,384,15/12/2023,21/05/2024,TELECEL S.A.,,2023-12-12 11:10:16,4,Potosi,1606,6,f,f,f,f,t,f,f,f,f,f,f,f,f,f,f,f,f,f,f,f,f,,MEGAS MÃVIL<br>,,,
1663,16488,2024-02-01 12:26:00,<b>AMPLIADO</b> - HOLA MI TIGO ,384,15/12/2023,21/05/2024,TELECEL S.A.,,2023-12-12 11:10:16,4,Chuquisaca,1606,6,f,f,f,f,t,f,f,f,f,f,f,f,f,f,f,f,f,f,f,f,f,,MEGAS MÃVIL<br>,,,
1663,16488,2024-02-01 12:26:00,<b>AMPLIADO</b> - HOLA MI TIGO ,384,15/12/2023,21/05/2024,TELECEL S.A.,,2023-12-12 11:10:16,4,Beni,1606,6,f,f,f,f,t,f,f,f,f,f,f,f,f,f,f,f,f,f,f,f,f,,MEGAS MÃVIL<br>,,,
1663,16488,2024-02-01 12:26:00,<b>AMPLIADO</b> - HOLA MI TIGO ,384,15/12/2023,21/05/2024,TELECEL S.A.,,2023-12-12 11:10:16,4,Pando,1606,6,f,f,f,f,t,f,f,f,f,f,f,f,f,f,f,f,f,f,f,f,f,,MEGAS MÃVIL<br>,,,
1663,16488,2024-02-01 12:26:00,<b>AMPLIADO</b> - HOLA MI TIGO ,384,15/12/2023,21/05/2024,TELECEL S.A.,,2023-12-12 11:10:16,4,Cochabamba,1606,6,f,f,f,f,t,f,f,f,f,f,f,f,f,f,f,f,f,f,f,f,f,,MEGAS MÃVIL<br>,,,
1663,16488,2024-02-01 12:26:00,<b>AMPLIADO</b> - HOLA MI TIGO ,384,15/12/2023,21/05/2024,TELECEL S.A.,,2023-12-12 11:10:16,4,Santa Cruz,1606,6,f,f,f,f,t,f,f,f,f,f,f,f,f,f,f,f,f,f,f,f,f,,MEGAS MÃVIL<br>,,,
1663,16488,2024-02-01 12:26:00,<b>AMPLIADO</b> - HOLA MI TIGO ,384,15/12/2023,21/05/2024,TELECEL S.A.,,2023-12-12 11:10:16,4,Oruro,1606,6,f,f,f,f,t,f,f,f,f,f,f,f,f,f,f,f,f,f,f,f,f,,MEGAS MÃVIL<br>,,,
1663,16488,2024-02-01 12:26:00,<b>AMPLIADO</b> - HOLA MI TIGO ,384,15/12/2023,21/05/2024,TELECEL S.A.,,2023-12-12 11:10:16,4,Tarija,1606,6,f,f,f,f,t,f,f,f,f,f,f,f,f,f,f,f,f,f,f,f,f,,MEGAS MÃVIL<br>,,,
1663,16488,2024-02-01 12:26:00,<b>AMPLIADO</b> - HOLA MI TIGO ,384,15/12/2023,21/05/2024,TELECEL S.A.,,2023-12-12 11:10:16,4,Potosi,1606,6,f,f,f,f,t,f,f,f,f,f,f,f,f,f,f,f,f,f,f,f,f,,MEGAS MÃVIL<br>,,,
1663,16488,2024-02-01 12:26:00,<b>AMPLIADO</b> - HOLA MI TIGO ,384,15/12/2023,21/05/2024,TELECEL S.A.,,2023-12-12 11:10:16,4,Chuquisaca,1606,6,f,f,f,f,t,f,f,f,f,f,f,f,f,f,f,f,f,f,f,f,f,,MEGAS MÃVIL<br>,,,
1663,16488,2024-02-01 12:26:00,<b>AMPLIADO</b> - HOLA MI TIGO ,384,15/12/2023,21/05/2024,TELECEL S.A.,,2023-12-12 11:10:16,4,Beni,1606,6,f,f,f,f,t,f,f,f,f,f,f,f,f,f,f,f,f,f,f,f,f,,MEGAS MÃVIL<br>,,,
1642,16324,2024-01-10 12:29:28,<b>AMPLIADO</b> - BLACK FRIDAY ONLINE,384,24/11/2023,15/04/2024,TELECEL S.A.,,2023-11-21 09:16:21,4,La Paz,1585,6,f,f,f,f,f,f,t,f,t,f,f,f,f,f,f,f,f,f,t,f,f,,,PLANES,INTERNET,
1642,16324,2024-01-10 12:29:28,<b>AMPLIADO</b> - BLACK FRIDAY ONLINE,384,24/11/2023,15/04/2024,TELECEL S.A.,,2023-11-21 09:16:21,4,Potosi,1585,6,f,f,f,f,f,f,t,f,t,f,f,f,f,f,f,f,f,f,t,f,f,,,PLANES,INTERNET,
1642,16324,2024-01-10 12:29:28,<b>AMPLIADO</b> - BLACK FRIDAY ONLINE,384,24/11/2023,15/04/2024,TELECEL S.A.,,2023-11-21 09:16:21,4,Tarija,1585,6,f,f,f,f,f,f,t,f,t,f,f,f,f,f,f,f,f,f,t,f,f,,,PLANES,INTERNET,
1642,16324,2024-01-10 12:29:28,<b>AMPLIADO</b> - BLACK FRIDAY ONLINE,384,24/11/2023,15/04/2024,TELECEL S.A.,,2023-11-21 09:16:21,4,Oruro,1585,6,f,f,f,f,f,f,t,f,t,f,f,f,f,f,f,f,f,f,t,f,f,,,PLANES,INTERNET,
1642,16324,2024-01-10 12:29:28,<b>AMPLIADO</b> - BLACK FRIDAY ONLINE,384,24/11/2023,15/04/2024,TELECEL S.A.,,2023-11-21 09:16:21,4,Santa Cruz,1585,6,f,f,f,f,f,f,t,f,t,f,f,f,f,f,f,f,f,f,t,f,f,,,PLANES,INTERNET,
1642,16324,2024-01-10 12:29:28,<b>AMPLIADO</b> - BLACK FRIDAY ONLINE,384,24/11/2023,15/04/2024,TELECEL S.A.,,2023-11-21 09:16:21,4,Cochabamba,1585,6,f,f,f,f,f,f,t,f,t,f,f,f,f,f,f,f,f,f,t,f,f,,,PLANES,INTERNET,
1642,16324,2024-01-10 12:29:28,<b>AMPLIADO</b> - BLACK FRIDAY ONLINE,384,24/11/2023,15/04/2024,TELECEL S.A.,,2023-11-21 09:16:21,4,La Paz,1585,6,f,f,f,f,f,f,t,f,t,f,f,f,f,f,f,f,f,f,t,f,f,,,PLANES,INTERNET,
1642,16324,2024-01-10 12:29:28,<b>AMPLIADO</b> - BLACK FRIDAY ONLINE,384,24/11/2023,15/04/2024,TELECEL S.A.,,2023-11-21 09:16:21,4,Chuquisaca,1585,6,f,f,f,f,f,f,t,f,t,f,f,f,f,f,f,f,f,f,t,f,f,,,PLANES,INTERNET,
1642,16324,2024-01-10 12:29:28,<b>AMPLIADO</b> - BLACK FRIDAY ONLINE,384,24/11/2023,15/04/2024,TELECEL S.A.,,2023-11-21 09:16:21,4,Chuquisaca,1585,6,f,f,f,f,f,f,t,f,t,f,f,f,f,f,f,f,f,f,t,f,f,,,PLANES,INTERNET,
1642,16324,2024-01-10 12:29:28,<b>AMPLIADO</b> - BLACK FRIDAY ONLINE,384,24/11/2023,15/04/2024,TELECEL S.A.,,2023-11-21 09:16:21,4,Potosi,1585,6,f,f,f,f,f,f,t,f,t,f,f,f,f,f,f,f,f,f,t,f,f,,,PLANES,INTERNET,
1642,16324,2024-01-10 12:29:28,<b>AMPLIADO</b> - BLACK FRIDAY ONLINE,384,24/11/2023,15/04/2024,TELECEL S.A.,,2023-11-21 09:16:21,4,Tarija,1585,6,f,f,f,f,f,f,t,f,t,f,f,f,f,f,f,f,f,f,t,f,f,,,PLANES,INTERNET,
1642,16324,2024-01-10 12:29:28,<b>AMPLIADO</b> - BLACK FRIDAY ONLINE,384,24/11/2023,15/04/2024,TELECEL S.A.,,2023-11-21 09:16:21,4,Oruro,1585,6,f,f,f,f,f,f,t,f,t,f,f,f,f,f,f,f,f,f,t,f,f,,,PLANES,INTERNET,
1642,16324,2024-01-10 12:29:28,<b>AMPLIADO</b> - BLACK FRIDAY ONLINE,384,24/11/2023,15/04/2024,TELECEL S.A.,,2023-11-21 09:16:21,4,Santa Cruz,1585,6,f,f,f,f,f,f,t,f,t,f,f,f,f,f,f,f,f,f,t,f,f,,,PLANES,INTERNET,
1642,16324,2024-01-10 12:29:28,<b>AMPLIADO</b> - BLACK FRIDAY ONLINE,384,24/11/2023,15/04/2024,TELECEL S.A.,,2023-11-21 09:16:21,4,Cochabamba,1585,6,f,f,f,f,f,f,t,f,t,f,f,f,f,f,f,f,f,f,t,f,f,,,PLANES,INTERNET,
1639,16315,2024-01-19 10:15:15,<b>AMPLIADO</b> - PAQUETIGO TIGO TE PRESTA ADICIONAL INTERNET ILIMITADO,384,21/11/2023,20/05/2024,TELECEL S.A.,,2023-11-17 15:37:18,4,Oruro,1582,6,f,f,f,f,t,f,f,f,f,f,f,f,f,f,f,f,f,f,f,f,f,,MEGAS MÃVIL<br>,,,
1639,16315,2024-01-19 10:15:15,<b>AMPLIADO</b> - PAQUETIGO TIGO TE PRESTA ADICIONAL INTERNET ILIMITADO,384,21/11/2023,20/05/2024,TELECEL S.A.,,2023-11-17 15:37:18,4,Santa Cruz,1582,6,f,f,f,f,t,f,f,f,f,f,f,f,f,f,f,f,f,f,f,f,f,,MEGAS MÃVIL<br>,,,
1639,16315,2024-01-19 10:15:15,<b>AMPLIADO</b> - PAQUETIGO TIGO TE PRESTA ADICIONAL INTERNET ILIMITADO,384,21/11/2023,20/05/2024,TELECEL S.A.,,2023-11-17 15:37:18,4,Cochabamba,1582,6,f,f,f,f,t,f,f,f,f,f,f,f,f,f,f,f,f,f,f,f,f,,MEGAS MÃVIL<br>,,,
1639,16315,2024-01-19 10:15:15,<b>AMPLIADO</b> - PAQUETIGO TIGO TE PRESTA ADICIONAL INTERNET ILIMITADO,384,21/11/2023,20/05/2024,TELECEL S.A.,,2023-11-17 15:37:18,4,La Paz,1582,6,f,f,f,f,t,f,f,f,f,f,f,f,f,f,f,f,f,f,f,f,f,,MEGAS MÃVIL<br>,,,
1639,16315,2024-01-19 10:15:15,<b>AMPLIADO</b> - PAQUETIGO TIGO TE PRESTA ADICIONAL INTERNET ILIMITADO,384,21/11/2023,20/05/2024,TELECEL S.A.,,2023-11-17 15:37:18,4,Pando,1582,6,f,f,f,f,t,f,f,f,f,f,f,f,f,f,f,f,f,f,f,f,f,,MEGAS MÃVIL<br>,,,
1639,16315,2024-01-19 10:15:15,<b>AMPLIADO</b> - PAQUETIGO TIGO TE PRESTA ADICIONAL INTERNET ILIMITADO,384,21/11/2023,20/05/2024,TELECEL S.A.,,2023-11-17 15:37:18,4,Potosi,1582,6,f,f,f,f,t,f,f,f,f,f,f,f,f,f,f,f,f,f,f,f,f,,MEGAS MÃVIL<br>,,,
1639,16315,2024-01-19 10:15:15,<b>AMPLIADO</b> - PAQUETIGO TIGO TE PRESTA ADICIONAL INTERNET ILIMITADO,384,21/11/2023,20/05/2024,TELECEL S.A.,,2023-11-17 15:37:18,4,Tarija,1582,6,f,f,f,f,t,f,f,f,f,f,f,f,f,f,f,f,f,f,f,f,f,,MEGAS MÃVIL<br>,,,
1639,16315,2024-01-19 10:15:15,<b>AMPLIADO</b> - PAQUETIGO TIGO TE PRESTA ADICIONAL INTERNET ILIMITADO,384,21/11/2023,20/05/2024,TELECEL S.A.,,2023-11-17 15:37:18,4,Chuquisaca,1582,6,f,f,f,f,t,f,f,f,f,f,f,f,f,f,f,f,f,f,f,f,f,,MEGAS MÃVIL<br>,,,
1639,16315,2024-01-19 10:15:15,<b>AMPLIADO</b> - PAQUETIGO TIGO TE PRESTA ADICIONAL INTERNET ILIMITADO,384,21/11/2023,20/05/2024,TELECEL S.A.,,2023-11-17 15:37:18,4,Oruro,1582,6,f,f,f,f,t,f,f,f,f,f,f,f,f,f,f,f,f,f,f,f,f,,MEGAS MÃVIL<br>,,,
1639,16315,2024-01-19 10:15:15,<b>AMPLIADO</b> - PAQUETIGO TIGO TE PRESTA ADICIONAL INTERNET ILIMITADO,384,21/11/2023,20/05/2024,TELECEL S.A.,,2023-11-17 15:37:18,4,Santa Cruz,1582,6,f,f,f,f,t,f,f,f,f,f,f,f,f,f,f,f,f,f,f,f,f,,MEGAS MÃVIL<br>,,,
1639,16315,2024-01-19 10:15:15,<b>AMPLIADO</b> - PAQUETIGO TIGO TE PRESTA ADICIONAL INTERNET ILIMITADO,384,21/11/2023,20/05/2024,TELECEL S.A.,,2023-11-17 15:37:18,4,Cochabamba,1582,6,f,f,f,f,t,f,f,f,f,f,f,f,f,f,f,f,f,f,f,f,f,,MEGAS MÃVIL<br>,,,
1639,16315,2024-01-19 10:15:15,<b>AMPLIADO</b> - PAQUETIGO TIGO TE PRESTA ADICIONAL INTERNET ILIMITADO,384,21/11/2023,20/05/2024,TELECEL S.A.,,2023-11-17 15:37:18,4,La Paz,1582,6,f,f,f,f,t,f,f,f,f,f,f,f,f,f,f,f,f,f,f,f,f,,MEGAS MÃVIL<br>,,,
1639,16315,2024-01-19 10:15:15,<b>AMPLIADO</b> - PAQUETIGO TIGO TE PRESTA ADICIONAL INTERNET ILIMITADO,384,21/11/2023,20/05/2024,TELECEL S.A.,,2023-11-17 15:37:18,4,Pando,1582,6,f,f,f,f,t,f,f,f,f,f,f,f,f,f,f,f,f,f,f,f,f,,MEGAS MÃVIL<br>,,,
1639,16315,2024-01-19 10:15:15,<b>AMPLIADO</b> - PAQUETIGO TIGO TE PRESTA ADICIONAL INTERNET ILIMITADO,384,21/11/2023,20/05/2024,TELECEL S.A.,,2023-11-17 15:37:18,4,Beni,1582,6,f,f,f,f,t,f,f,f,f,f,f,f,f,f,f,f,f,f,f,f,f,,MEGAS MÃVIL<br>,,,
1639,16315,2024-01-19 10:15:15,<b>AMPLIADO</b> - PAQUETIGO TIGO TE PRESTA ADICIONAL INTERNET ILIMITADO,384,21/11/2023,20/05/2024,TELECEL S.A.,,2023-11-17 15:37:18,4,Chuquisaca,1582,6,f,f,f,f,t,f,f,f,f,f,f,f,f,f,f,f,f,f,f,f,f,,MEGAS MÃVIL<br>,,,
1639,16315,2024-01-19 10:15:15,<b>AMPLIADO</b> - PAQUETIGO TIGO TE PRESTA ADICIONAL INTERNET ILIMITADO,384,21/11/2023,20/05/2024,TELECEL S.A.,,2023-11-17 15:37:18,4,Beni,1582,6,f,f,f,f,t,f,f,f,f,f,f,f,f,f,f,f,f,f,f,f,f,,MEGAS MÃVIL<br>,,,
1639,16315,2024-01-19 10:15:15,<b>AMPLIADO</b> - PAQUETIGO TIGO TE PRESTA ADICIONAL INTERNET ILIMITADO,384,21/11/2023,20/05/2024,TELECEL S.A.,,2023-11-17 15:37:18,4,Potosi,1582,6,f,f,f,f,t,f,f,f,f,f,f,f,f,f,f,f,f,f,f,f,f,,MEGAS MÃVIL<br>,,,
1639,16315,2024-01-19 10:15:15,<b>AMPLIADO</b> - PAQUETIGO TIGO TE PRESTA ADICIONAL INTERNET ILIMITADO,384,21/11/2023,20/05/2024,TELECEL S.A.,,2023-11-17 15:37:18,4,Tarija,1582,6,f,f,f,f,t,f,f,f,f,f,f,f,f,f,f,f,f,f,f,f,f,,MEGAS MÃVIL<br>,,,
1637,16313,2024-02-01 12:24:27,<b>AMPLIADO</b> - YAPA RECARGA V2,384,21/11/2023,20/05/2024,TELECEL S.A.,,2023-11-16 11:48:00,4,Beni,1580,6,t,f,f,f,f,f,f,f,f,f,f,f,f,f,f,f,t,f,f,f,f,PREPAGO MÃVIL<br>,,,,OTROS
1637,16313,2024-02-01 12:24:27,<b>AMPLIADO</b> - YAPA RECARGA V2,384,21/11/2023,20/05/2024,TELECEL S.A.,,2023-11-16 11:48:00,4,Santa Cruz,1580,6,t,f,f,f,f,f,f,f,f,f,f,f,f,f,f,f,t,f,f,f,f,PREPAGO MÃVIL<br>,,,,OTROS
1637,16313,2024-02-01 12:24:27,<b>AMPLIADO</b> - YAPA RECARGA V2,384,21/11/2023,20/05/2024,TELECEL S.A.,,2023-11-16 11:48:00,4,Oruro,1580,6,t,f,f,f,f,f,f,f,f,f,f,f,f,f,f,f,t,f,f,f,f,PREPAGO MÃVIL<br>,,,,OTROS
1637,16313,2024-02-01 12:24:27,<b>AMPLIADO</b> - YAPA RECARGA V2,384,21/11/2023,20/05/2024,TELECEL S.A.,,2023-11-16 11:48:00,4,Tarija,1580,6,t,f,f,f,f,f,f,f,f,f,f,f,f,f,f,f,t,f,f,f,f,PREPAGO MÃVIL<br>,,,,OTROS
1637,16313,2024-02-01 12:24:27,<b>AMPLIADO</b> - YAPA RECARGA V2,384,21/11/2023,20/05/2024,TELECEL S.A.,,2023-11-16 11:48:00,4,Potosi,1580,6,t,f,f,f,f,f,f,f,f,f,f,f,f,f,f,f,t,f,f,f,f,PREPAGO MÃVIL<br>,,,,OTROS
1637,16313,2024-02-01 12:24:27,<b>AMPLIADO</b> - YAPA RECARGA V2,384,21/11/2023,20/05/2024,TELECEL S.A.,,2023-11-16 11:48:00,4,Chuquisaca,1580,6,t,f,f,f,f,f,f,f,f,f,f,f,f,f,f,f,t,f,f,f,f,PREPAGO MÃVIL<br>,,,,OTROS
1637,16313,2024-02-01 12:24:27,<b>AMPLIADO</b> - YAPA RECARGA V2,384,21/11/2023,20/05/2024,TELECEL S.A.,,2023-11-16 11:48:00,4,Beni,1580,6,t,f,f,f,f,f,f,f,f,f,f,f,f,f,f,f,t,f,f,f,f,PREPAGO MÃVIL<br>,,,,OTROS
1637,16313,2024-02-01 12:24:27,<b>AMPLIADO</b> - YAPA RECARGA V2,384,21/11/2023,20/05/2024,TELECEL S.A.,,2023-11-16 11:48:00,4,Pando,1580,6,t,f,f,f,f,f,f,f,f,f,f,f,f,f,f,f,t,f,f,f,f,PREPAGO MÃVIL<br>,,,,OTROS
1637,16313,2024-02-01 12:24:27,<b>AMPLIADO</b> - YAPA RECARGA V2,384,21/11/2023,20/05/2024,TELECEL S.A.,,2023-11-16 11:48:00,4,Pando,1580,6,t,f,f,f,f,f,f,f,f,f,f,f,f,f,f,f,t,f,f,f,f,PREPAGO MÃVIL<br>,,,,OTROS
1637,16313,2024-02-01 12:24:27,<b>AMPLIADO</b> - YAPA RECARGA V2,384,21/11/2023,20/05/2024,TELECEL S.A.,,2023-11-16 11:48:00,4,Chuquisaca,1580,6,t,f,f,f,f,f,f,f,f,f,f,f,f,f,f,f,t,f,f,f,f,PREPAGO MÃVIL<br>,,,,OTROS
1637,16313,2024-02-01 12:24:27,<b>AMPLIADO</b> - YAPA RECARGA V2,384,21/11/2023,20/05/2024,TELECEL S.A.,,2023-11-16 11:48:00,4,Potosi,1580,6,t,f,f,f,f,f,f,f,f,f,f,f,f,f,f,f,t,f,f,f,f,PREPAGO MÃVIL<br>,,,,OTROS
1637,16313,2024-02-01 12:24:27,<b>AMPLIADO</b> - YAPA RECARGA V2,384,21/11/2023,20/05/2024,TELECEL S.A.,,2023-11-16 11:48:00,4,Tarija,1580,6,t,f,f,f,f,f,f,f,f,f,f,f,f,f,f,f,t,f,f,f,f,PREPAGO MÃVIL<br>,,,,OTROS
1637,16313,2024-02-01 12:24:27,<b>AMPLIADO</b> - YAPA RECARGA V2,384,21/11/2023,20/05/2024,TELECEL S.A.,,2023-11-16 11:48:00,4,Oruro,1580,6,t,f,f,f,f,f,f,f,f,f,f,f,f,f,f,f,t,f,f,f,f,PREPAGO MÃVIL<br>,,,,OTROS
1637,16313,2024-02-01 12:24:27,<b>AMPLIADO</b> - YAPA RECARGA V2,384,21/11/2023,20/05/2024,TELECEL S.A.,,2023-11-16 11:48:00,4,Santa Cruz,1580,6,t,f,f,f,f,f,f,f,f,f,f,f,f,f,f,f,t,f,f,f,f,PREPAGO MÃVIL<br>,,,,OTROS
1637,16313,2024-02-01 12:24:27,<b>AMPLIADO</b> - YAPA RECARGA V2,384,21/11/2023,20/05/2024,TELECEL S.A.,,2023-11-16 11:48:00,4,Cochabamba,1580,6,t,f,f,f,f,f,f,f,f,f,f,f,f,f,f,f,t,f,f,f,f,PREPAGO MÃVIL<br>,,,,OTROS
1637,16313,2024-02-01 12:24:27,<b>AMPLIADO</b> - YAPA RECARGA V2,384,21/11/2023,20/05/2024,TELECEL S.A.,,2023-11-16 11:48:00,4,La Paz,1580,6,t,f,f,f,f,f,f,f,f,f,f,f,f,f,f,f,t,f,f,f,f,PREPAGO MÃVIL<br>,,,,OTROS
1637,16313,2024-02-01 12:24:27,<b>AMPLIADO</b> - YAPA RECARGA V2,384,21/11/2023,20/05/2024,TELECEL S.A.,,2023-11-16 11:48:00,4,La Paz,1580,6,t,f,f,f,f,f,f,f,f,f,f,f,f,f,f,f,t,f,f,f,f,PREPAGO MÃVIL<br>,,,,OTROS
1637,16313,2024-02-01 12:24:27,<b>AMPLIADO</b> - YAPA RECARGA V2,384,21/11/2023,20/05/2024,TELECEL S.A.,,2023-11-16 11:48:00,4,Cochabamba,1580,6,t,f,f,f,f,f,f,f,f,f,f,f,f,f,f,f,t,f,f,f,f,PREPAGO MÃVIL<br>,,,,OTROS
1633,16259,2024-02-15 14:45:17,<b>AMPLIADO</b> - DESCUENTO COSTO DE INSTALACION,903,16/02/2024,16/05/2024,TELARIUS S.R.L.,,2023-11-14 16:30:00,4,Santa Cruz,1576,6,f,f,f,f,f,f,f,f,t,f,f,f,f,f,f,f,f,f,f,f,f,,,,INTERNET,
1633,16259,2024-02-15 14:45:17,<b>AMPLIADO</b> - DESCUENTO COSTO DE INSTALACION,903,16/02/2024,16/05/2024,TELARIUS S.R.L.,,2023-11-14 16:30:00,4,Santa Cruz,1576,6,f,f,f,f,f,f,f,f,t,f,f,f,f,f,f,f,f,f,f,f,f,,,,INTERNET,
1618,16210,2024-02-23 14:39:28,<b>AMPLIADO</b> - TU CONEXIÃ³N A DONDE QUIERAS,384,05/11/2023,03/05/2024,TELECEL S.A.,,2023-10-31 10:57:25,4,Potosi,1561,6,f,f,f,f,f,f,f,f,f,f,f,f,f,f,f,f,t,f,f,f,f,,,,,OTROS
1618,16210,2024-02-23 14:39:28,<b>AMPLIADO</b> - TU CONEXIÃ³N A DONDE QUIERAS,384,05/11/2023,03/05/2024,TELECEL S.A.,,2023-10-31 10:57:25,4,Santa Cruz,1561,6,f,f,f,f,f,f,f,f,f,f,f,f,f,f,f,f,t,f,f,f,f,,,,,OTROS
1618,16210,2024-02-23 14:39:28,<b>AMPLIADO</b> - TU CONEXIÃ³N A DONDE QUIERAS,384,05/11/2023,03/05/2024,TELECEL S.A.,,2023-10-31 10:57:25,4,La Paz,1561,6,f,f,f,f,f,f,f,f,f,f,f,f,f,f,f,f,t,f,f,f,f,,,,,OTROS
1618,16210,2024-02-23 14:39:28,<b>AMPLIADO</b> - TU CONEXIÃ³N A DONDE QUIERAS,384,05/11/2023,03/05/2024,TELECEL S.A.,,2023-10-31 10:57:25,4,Cochabamba,1561,6,f,f,f,f,f,f,f,f,f,f,f,f,f,f,f,f,t,f,f,f,f,,,,,OTROS
1618,16210,2024-02-23 14:39:28,<b>AMPLIADO</b> - TU CONEXIÃ³N A DONDE QUIERAS,384,05/11/2023,03/05/2024,TELECEL S.A.,,2023-10-31 10:57:25,4,Oruro,1561,6,f,f,f,f,f,f,f,f,f,f,f,f,f,f,f,f,t,f,f,f,f,,,,,OTROS
1618,16210,2024-02-23 14:39:28,<b>AMPLIADO</b> - TU CONEXIÃ³N A DONDE QUIERAS,384,05/11/2023,03/05/2024,TELECEL S.A.,,2023-10-31 10:57:25,4,Tarija,1561,6,f,f,f,f,f,f,f,f,f,f,f,f,f,f,f,f,t,f,f,f,f,,,,,OTROS
1618,16210,2024-02-23 14:39:28,<b>AMPLIADO</b> - TU CONEXIÃ³N A DONDE QUIERAS,384,05/11/2023,03/05/2024,TELECEL S.A.,,2023-10-31 10:57:25,4,Potosi,1561,6,f,f,f,f,f,f,f,f,f,f,f,f,f,f,f,f,t,f,f,f,f,,,,,OTROS
1618,16210,2024-02-23 14:39:28,<b>AMPLIADO</b> - TU CONEXIÃ³N A DONDE QUIERAS,384,05/11/2023,03/05/2024,TELECEL S.A.,,2023-10-31 10:57:25,4,Chuquisaca,1561,6,f,f,f,f,f,f,f,f,f,f,f,f,f,f,f,f,t,f,f,f,f,,,,,OTROS
1618,16210,2024-02-23 14:39:28,<b>AMPLIADO</b> - TU CONEXIÃ³N A DONDE QUIERAS,384,05/11/2023,03/05/2024,TELECEL S.A.,,2023-10-31 10:57:25,4,Tarija,1561,6,f,f,f,f,f,f,f,f,f,f,f,f,f,f,f,f,t,f,f,f,f,,,,,OTROS
1618,16210,2024-02-23 14:39:28,<b>AMPLIADO</b> - TU CONEXIÃ³N A DONDE QUIERAS,384,05/11/2023,03/05/2024,TELECEL S.A.,,2023-10-31 10:57:25,4,Oruro,1561,6,f,f,f,f,f,f,f,f,f,f,f,f,f,f,f,f,t,f,f,f,f,,,,,OTROS
1618,16210,2024-02-23 14:39:28,<b>AMPLIADO</b> - TU CONEXIÃ³N A DONDE QUIERAS,384,05/11/2023,03/05/2024,TELECEL S.A.,,2023-10-31 10:57:25,4,Santa Cruz,1561,6,f,f,f,f,f,f,f,f,f,f,f,f,f,f,f,f,t,f,f,f,f,,,,,OTROS
1618,16210,2024-02-23 14:39:28,<b>AMPLIADO</b> - TU CONEXIÃ³N A DONDE QUIERAS,384,05/11/2023,03/05/2024,TELECEL S.A.,,2023-10-31 10:57:25,4,Cochabamba,1561,6,f,f,f,f,f,f,f,f,f,f,f,f,f,f,f,f,t,f,f,f,f,,,,,OTROS
1618,16210,2024-02-23 14:39:28,<b>AMPLIADO</b> - TU CONEXIÃ³N A DONDE QUIERAS,384,05/11/2023,03/05/2024,TELECEL S.A.,,2023-10-31 10:57:25,4,La Paz,1561,6,f,f,f,f,f,f,f,f,f,f,f,f,f,f,f,f,t,f,f,f,f,,,,,OTROS
1618,16210,2024-02-23 14:39:28,<b>AMPLIADO</b> - TU CONEXIÃ³N A DONDE QUIERAS,384,05/11/2023,03/05/2024,TELECEL S.A.,,2023-10-31 10:57:25,4,Chuquisaca,1561,6,f,f,f,f,f,f,f,f,f,f,f,f,f,f,f,f,t,f,f,f,f,,,,,OTROS
1603,16126,2024-01-02 18:36:17,<b>AMPLIADO</b> - WHATSAPP PLUS,384,02/01/2024,15/04/2024,TELECEL S.A.,,2023-10-12 18:23:13,4,La Paz,1546,6,f,f,f,f,f,f,t,f,t,f,f,f,f,f,f,f,f,t,t,f,f,,,PLANES,INTERNET,
1603,16126,2024-01-02 18:36:17,<b>AMPLIADO</b> - WHATSAPP PLUS,384,02/01/2024,15/04/2024,TELECEL S.A.,,2023-10-12 18:23:13,4,Chuquisaca,1546,6,f,f,f,f,f,f,t,f,t,f,f,f,f,f,f,f,f,t,t,f,f,,,PLANES,INTERNET,
1603,16126,2024-01-02 18:36:17,<b>AMPLIADO</b> - WHATSAPP PLUS,384,02/01/2024,15/04/2024,TELECEL S.A.,,2023-10-12 18:23:13,4,Potosi,1546,6,f,f,f,f,f,f,t,f,t,f,f,f,f,f,f,f,f,t,t,f,f,,,PLANES,INTERNET,
1603,16126,2024-01-02 18:36:17,<b>AMPLIADO</b> - WHATSAPP PLUS,384,02/01/2024,15/04/2024,TELECEL S.A.,,2023-10-12 18:23:13,4,Tarija,1546,6,f,f,f,f,f,f,t,f,t,f,f,f,f,f,f,f,f,t,t,f,f,,,PLANES,INTERNET,
1603,16126,2024-01-02 18:36:17,<b>AMPLIADO</b> - WHATSAPP PLUS,384,02/01/2024,15/04/2024,TELECEL S.A.,,2023-10-12 18:23:13,4,Oruro,1546,6,f,f,f,f,f,f,t,f,t,f,f,f,f,f,f,f,f,t,t,f,f,,,PLANES,INTERNET,
1603,16126,2024-01-02 18:36:17,<b>AMPLIADO</b> - WHATSAPP PLUS,384,02/01/2024,15/04/2024,TELECEL S.A.,,2023-10-12 18:23:13,4,Santa Cruz,1546,6,f,f,f,f,f,f,t,f,t,f,f,f,f,f,f,f,f,t,t,f,f,,,PLANES,INTERNET,
1603,16126,2024-01-02 18:36:17,<b>AMPLIADO</b> - WHATSAPP PLUS,384,02/01/2024,15/04/2024,TELECEL S.A.,,2023-10-12 18:23:13,4,Cochabamba,1546,6,f,f,f,f,f,f,t,f,t,f,f,f,f,f,f,f,f,t,t,f,f,,,PLANES,INTERNET,
1603,16126,2024-01-02 18:36:17,<b>AMPLIADO</b> - WHATSAPP PLUS,384,02/01/2024,15/04/2024,TELECEL S.A.,,2023-10-12 18:23:13,4,La Paz,1546,6,f,f,f,f,f,f,t,f,t,f,f,f,f,f,f,f,f,t,t,f,f,,,PLANES,INTERNET,
1603,16126,2024-01-02 18:36:17,<b>AMPLIADO</b> - WHATSAPP PLUS,384,02/01/2024,15/04/2024,TELECEL S.A.,,2023-10-12 18:23:13,4,Tarija,1546,6,f,f,f,f,f,f,t,f,t,f,f,f,f,f,f,f,f,t,t,f,f,,,PLANES,INTERNET,
1603,16126,2024-01-02 18:36:17,<b>AMPLIADO</b> - WHATSAPP PLUS,384,02/01/2024,15/04/2024,TELECEL S.A.,,2023-10-12 18:23:13,4,Oruro,1546,6,f,f,f,f,f,f,t,f,t,f,f,f,f,f,f,f,f,t,t,f,f,,,PLANES,INTERNET,
1603,16126,2024-01-02 18:36:17,<b>AMPLIADO</b> - WHATSAPP PLUS,384,02/01/2024,15/04/2024,TELECEL S.A.,,2023-10-12 18:23:13,4,Tarija,1546,6,f,f,f,f,f,f,t,f,t,f,f,f,f,f,f,f,f,t,t,f,f,,,PLANES,INTERNET,
1603,16126,2024-01-02 18:36:17,<b>AMPLIADO</b> - WHATSAPP PLUS,384,02/01/2024,15/04/2024,TELECEL S.A.,,2023-10-12 18:23:13,4,Potosi,1546,6,f,f,f,f,f,f,t,f,t,f,f,f,f,f,f,f,f,t,t,f,f,,,PLANES,INTERNET,
1603,16126,2024-01-02 18:36:17,<b>AMPLIADO</b> - WHATSAPP PLUS,384,02/01/2024,15/04/2024,TELECEL S.A.,,2023-10-12 18:23:13,4,Chuquisaca,1546,6,f,f,f,f,f,f,t,f,t,f,f,f,f,f,f,f,f,t,t,f,f,,,PLANES,INTERNET,
1603,16126,2024-01-02 18:36:17,<b>AMPLIADO</b> - WHATSAPP PLUS,384,02/01/2024,15/04/2024,TELECEL S.A.,,2023-10-12 18:23:13,4,Chuquisaca,1546,6,f,f,f,f,f,f,t,f,t,f,f,f,f,f,f,f,f,t,t,f,f,,,PLANES,INTERNET,
1603,16126,2024-01-02 18:36:17,<b>AMPLIADO</b> - WHATSAPP PLUS,384,02/01/2024,15/04/2024,TELECEL S.A.,,2023-10-12 18:23:13,4,Potosi,1546,6,f,f,f,f,f,f,t,f,t,f,f,f,f,f,f,f,f,t,t,f,f,,,PLANES,INTERNET,
1603,16126,2024-01-02 18:36:17,<b>AMPLIADO</b> - WHATSAPP PLUS,384,02/01/2024,15/04/2024,TELECEL S.A.,,2023-10-12 18:23:13,4,Santa Cruz,1546,6,f,f,f,f,f,f,t,f,t,f,f,f,f,f,f,f,f,t,t,f,f,,,PLANES,INTERNET,
1603,16126,2024-01-02 18:36:17,<b>AMPLIADO</b> - WHATSAPP PLUS,384,02/01/2024,15/04/2024,TELECEL S.A.,,2023-10-12 18:23:13,4,La Paz,1546,6,f,f,f,f,f,f,t,f,t,f,f,f,f,f,f,f,f,t,t,f,f,,,PLANES,INTERNET,
1603,16126,2024-01-02 18:36:17,<b>AMPLIADO</b> - WHATSAPP PLUS,384,02/01/2024,15/04/2024,TELECEL S.A.,,2023-10-12 18:23:13,4,Cochabamba,1546,6,f,f,f,f,f,f,t,f,t,f,f,f,f,f,f,f,f,t,t,f,f,,,PLANES,INTERNET,
1603,16126,2024-01-02 18:36:17,<b>AMPLIADO</b> - WHATSAPP PLUS,384,02/01/2024,15/04/2024,TELECEL S.A.,,2023-10-12 18:23:13,4,Santa Cruz,1546,6,f,f,f,f,f,f,t,f,t,f,f,f,f,f,f,f,f,t,t,f,f,,,PLANES,INTERNET,
1603,16126,2024-01-02 18:36:17,<b>AMPLIADO</b> - WHATSAPP PLUS,384,02/01/2024,15/04/2024,TELECEL S.A.,,2023-10-12 18:23:13,4,Oruro,1546,6,f,f,f,f,f,f,t,f,t,f,f,f,f,f,f,f,f,t,t,f,f,,,PLANES,INTERNET,
1603,16126,2024-01-02 18:36:17,<b>AMPLIADO</b> - WHATSAPP PLUS,384,02/01/2024,15/04/2024,TELECEL S.A.,,2023-10-12 18:23:13,4,Cochabamba,1546,6,f,f,f,f,f,f,t,f,t,f,f,f,f,f,f,f,f,t,t,f,f,,,PLANES,INTERNET,
