ID_TARIFA,RAZON_SOCIAL,NOMBRE_COMERCIAL,DEPARTAMENTO,NOMBRE_TARIFA_PLAN,TARIFA_NORMAL,TARIFA_REDUCIDA,TARIFA_SUPER_REDUCIDA,SMS_LIBRES,RED_DESTINO,TARIFA_SMS_ADICIONAL,MB_DISPONIBLES,ORIGEN_LLAMADA,PRECIO_MENSUAL,PRECIO_MB_ADICIONAL,DENOMINACION_TECNOLOGIA,TIPO_PAGO,OTROS_BENEFICIOS
11808,EMPRESA DE TELECOMUNICACIONES NUEVATEL PCS DE BOLIVIA S A  NUEVATEL PCS DE BOLIVIA S A ,NUEVATEL PCS,,PYME EXACTO 300   PARAMOUNT    ,0.80,0.80,0.80,0,,0.20,0,,329,0.029,,,
11435,EMPRESA NACIONAL ENTEL S A ,ENTEL S.A.,,GIGAPLAN 320,0.60,0.50,0,5,,0.20,30720,,320,0.02,,,
13751,TELEFONICA CELULAR DE BOLIVIA S A  TELECEL S A ,TELECEL S.A.,,FF SMART 420,0.83,0.83,0.83,NA,,0.20,5000,,420,0.03,,,
13748,TELEFONICA CELULAR DE BOLIVIA S A  TELECEL S A ,TELECEL S.A.,,FF SMART 150,0.85,0.85,0.85,NA,,0.20,500,,150,0.03,,,
11798,EMPRESA DE TELECOMUNICACIONES NUEVATEL PCS DE BOLIVIA S A  NUEVATEL PCS DE BOLIVIA S A ,NUEVATEL PCS,,POSTPAGO F  CIL 75   PARAMOUNT    ,1.20,0.67,0.67,0,,0.20,0,,104,0.029,,,
13694,EMPRESA NACIONAL ENTEL S A ,ENTEL S.A.,,WSLC  S ,0,0,0,0,,0,0,,39,0,,,
12403,EMPRESA NACIONAL ENTEL S A ,ENTEL S.A.,,PLAN SATELITAL IRIDIUM,9.00,9.00,9.00,0,,1,0,,650,0,,,
12136,TELEFONICA CELULAR DE BOLIVIA S A  TELECEL S A ,TELECEL S.A.,,BOLSA EMPRESA,"0,60","0,60","0,60",0,,0.20,0,,24999,0.0092,,,
13729,TELEFONICA CELULAR DE BOLIVIA S A  TELECEL S A ,TELECEL S.A.,,TIGO GSM 170,0.85,0.85,0.85,0,,0.20,0,,170,0.03,,,
9866,TELEFONICA CELULAR DE BOLIVIA S A  TELECEL S A ,TELECEL S.A.,,MINISMART FF 550,0.80,0.69,0.69,0,,0.20,1500,,550,0.03,,,
12550,EMPRESA DE TELECOMUNICACIONES NUEVATEL PCS DE BOLIVIA S A  NUEVATEL PCS DE BOLIVIA S A ,NUEVATEL PCS,,CUENTA CONTROLADA 190,0.86,0.67,0.67,0,,0.20,0,,190,0.029,,,
13231,TELEFONICA CELULAR DE BOLIVIA S A  TELECEL S A ,TELECEL S.A.,,MEGA PLAN 129,0.80,0.80,0.80,ilimitado|,,0.20,7000,,129,0.03,,,
12495,EMPRESA DE TELECOMUNICACIONES NUEVATEL PCS DE BOLIVIA S A  NUEVATEL PCS DE BOLIVIA S A ,NUEVATEL PCS,,PYME EXACTO 200,0.80,0.80,0.80,0,,0.20,0,,200,0.029,,,
9829,TELEFONICA CELULAR DE BOLIVIA S A  TELECEL S A ,TELECEL S.A.,,PAQUETIGO DE MINUTOS HOME 1,10,10,10,0,,0.20,0,,10,0.15,,,
7123,TELEFONICA CELULAR DE BOLIVIA S A  TELECEL S A ,TELECEL S.A.,,PRE PAGO SOLIDARIO ,0.50,0.37,0.25,0,,0.12,0,,0,0.008,,,
12552,EMPRESA DE TELECOMUNICACIONES NUEVATEL PCS DE BOLIVIA S A  NUEVATEL PCS DE BOLIVIA S A ,NUEVATEL PCS,,CUENTA CONTROLADA 100,0.90,0.67,0.67,0,,0.20,0,,100,0.029,,,
12997,TELEFONICA CELULAR DE BOLIVIA S A  TELECEL S A ,TELECEL S.A.,,PLATINUM PLUS    ,0.80,0.80,0.80,200,,0.20,ILIMITADO,,1100,0.03,,,
10924,EMPRESA NACIONAL ENTEL S A ,ENTEL S.A.,,SMALL,0.60,0.50,0,5,,0.20,0,,50,0.02,,,
9789,TELEFONICA CELULAR DE BOLIVIA S A  TELECEL S A ,TELECEL S.A.,,ENTERPRISE ADVANCED 200,0.85,0.85,0.85,50,,0.20,2500,,200,0.03,,,
9826,TELEFONICA CELULAR DE BOLIVIA S A  TELECEL S A ,TELECEL S.A.,,PAQUETIGO MINUTOS ,1.80,1.80,1.80,0,,0.20,0,,1.8,0.15,,,
8116,TELEFONICA CELULAR DE BOLIVIA S A  TELECEL S A ,TELECEL S.A.,,PRE PAGO 3,1.40,1.05,0.7,0,,0.20,0,,0,0.03,,,
12977,TELEFONICA CELULAR DE BOLIVIA S A  TELECEL S A ,TELECEL S.A.,,EMPRESA 600,0.60,0.60,0.60,0,,0.20,30000,,600,0.03,,,
9793,TELEFONICA CELULAR DE BOLIVIA S A  TELECEL S A ,TELECEL S.A.,,NEGOCIO 275,0.85,0.85,0.85,200,,0.20,12000,,275,0.03,,,
12695,EMPRESA DE TELECOMUNICACIONES NUEVATEL PCS DE BOLIVIA S A  NUEVATEL PCS DE BOLIVIA S A ,NUEVATEL PCS,,CC 100   PARAMOUNT    ,0.90,0.67,0.67,0,,0.20,0,,129,0.029,,,
12693,EMPRESA DE TELECOMUNICACIONES NUEVATEL PCS DE BOLIVIA S A  NUEVATEL PCS DE BOLIVIA S A ,NUEVATEL PCS,,WOW SIMPLE,1,1,1,1000,,0.20,20000,,149,0.029,,,
9865,TELEFONICA CELULAR DE BOLIVIA S A  TELECEL S A ,TELECEL S.A.,,MINISMART FF 450,0.80,0.69,0.69,0,,0.20,1000,,450,0.03,,,
12565,EMPRESA DE TELECOMUNICACIONES NUEVATEL PCS DE BOLIVIA S A  NUEVATEL PCS DE BOLIVIA S A ,NUEVATEL PCS,,A TU MEDIDA   PLAN S FACIL,1,1,1,0,,0.20,750,,150,0.029,,,
13660,TELEFONICA CELULAR DE BOLIVIA S A  TELECEL S A ,TELECEL S.A.,,MEGA PLAN 305,0.80,0.80,0.80,ilimiTADO,,0.20,18000,,305,0.03,,,
11431,EMPRESA NACIONAL ENTEL S A ,ENTEL S.A.,,GIGAPLAN 250,0.60,0.50,-,5,,0.20,ILIMITADO,,250,0.02,,,
13661,TELEFONICA CELULAR DE BOLIVIA S A  TELECEL S A ,TELECEL S.A.,,MEGA PLAN 595,0.80,0.80,0.80,ilimitado,,0.20,27000,,595,0.03,,,
10923,EMPRESA NACIONAL ENTEL S A ,ENTEL S.A.,,SIMPLE ILIMITADO 750,0,0,0,100,,0.20,25600,,750,0.02,,,
13646,TELEFONICA CELULAR DE BOLIVIA S A  TELECEL S A ,TELECEL S.A.,,PAQUETIGO SMS ,2.30,2.30,2.30,12,,0.20,0,,2.3,0.15,,,
7460,TELEFONICA CELULAR DE BOLIVIA S A  TELECEL S A ,TELECEL S.A.,,FACTURA FIJA MINICABINA 50,0.80,0.80,0.80,0,,0.20,0,,50,0.03,,,
12989,TELEFONICA CELULAR DE BOLIVIA S A  TELECEL S A ,TELECEL S.A.,,ENTERPRISE 150,0.85,0.85,0.85,200,,0.20,5000,,150,0.03,,,
11816,EMPRESA DE TELECOMUNICACIONES NUEVATEL PCS DE BOLIVIA S A  NUEVATEL PCS DE BOLIVIA S A ,NUEVATEL PCS,,INTELIGENTE 1000   PARAMOUNT    ,0.8,0.8,0.8,200,,0.20,15005,,1029,0.029,,,
13162,TELEFONICA CELULAR DE BOLIVIA S A  TELECEL S A ,TELECEL S.A.,,FACTURA FIJA 75,0.85,0.69,0.69,0,,0.20,0,,75,0.03,,,
12497,EMPRESA DE TELECOMUNICACIONES NUEVATEL PCS DE BOLIVIA S A  NUEVATEL PCS DE BOLIVIA S A ,NUEVATEL PCS,,PYME EXACTO 100,0.83,0.83,0.83,0,,0.20,0,,100,0.029,,,
11810,EMPRESA DE TELECOMUNICACIONES NUEVATEL PCS DE BOLIVIA S A  NUEVATEL PCS DE BOLIVIA S A ,NUEVATEL PCS,,INTELIGENTE 150   PARAMOUNT    ,0.89,0.89,0.89,30,,0.20,800,,179,0.029,,,
12478,EMPRESA DE TELECOMUNICACIONES NUEVATEL PCS DE BOLIVIA S A  NUEVATEL PCS DE BOLIVIA S A ,NUEVATEL PCS,,START UP,0.65,0.65,0.65,0,,0.2,0,,699,0.0095,,,
13696,EMPRESA NACIONAL ENTEL S A ,ENTEL S.A.,,WSLC  XL ,0,0,0,0,,0,0,,30,0,,,
9790,TELEFONICA CELULAR DE BOLIVIA S A  TELECEL S A ,TELECEL S.A.,,ENTERPRISE ADVANCED 250,0.85,0.85,0.85,50,,0.20,3000,,250,0.03,,,
12503,EMPRESA DE TELECOMUNICACIONES NUEVATEL PCS DE BOLIVIA S A  NUEVATEL PCS DE BOLIVIA S A ,NUEVATEL PCS,,PREPAGO VIVA  WAPP ,1.59,1,0.79,0,,0.2,0,,0,0.029,,,
12544,EMPRESA DE TELECOMUNICACIONES NUEVATEL PCS DE BOLIVIA S A  NUEVATEL PCS DE BOLIVIA S A ,NUEVATEL PCS,,CUENTA CONTROLADA 75,1.20,0.67,0.67,0,,0.20,0,,75,0.029,,,
12476,EMPRESA DE TELECOMUNICACIONES NUEVATEL PCS DE BOLIVIA S A  NUEVATEL PCS DE BOLIVIA S A ,NUEVATEL PCS,,FULL WOW,1,1,1,1000,,0.20,ilimitados,,248,0,,,
13701,TELEFONICA CELULAR DE BOLIVIA S A  TELECEL S A ,TELECEL S.A.,,NUMERO AMIGO POR 15 DIAS,NA,Na,Na,0,,0.20,0,,5,0.03,,,
13709,EMPRESA NACIONAL ENTEL S A ,ENTEL S.A.,,SMALL  CORPORATIVO EXACTO ,0.60,0.50,0,5,,0.20,0,,50,0.02,,,
11794,EMPRESA DE TELECOMUNICACIONES NUEVATEL PCS DE BOLIVIA S A  NUEVATEL PCS DE BOLIVIA S A ,NUEVATEL PCS,,PLAN XS PLUS   PARAMOUNT    ,1,1,1,0,,0.20,1500,,129,0.029,,,
7410,EMPRESA NACIONAL ENTEL S A ,ENTEL S.A.,,PREPAGO BASICO,1.20,0.54,0.40,0,,0.20,0,,0,0.02,,,
13735,TELEFONICA CELULAR DE BOLIVIA S A  TELECEL S A ,TELECEL S.A.,,FACTURA FIJA 160,1.50,0.79,0.79,0,,0.20,0,,160,0.03,,,
12545,EMPRESA DE TELECOMUNICACIONES NUEVATEL PCS DE BOLIVIA S A  NUEVATEL PCS DE BOLIVIA S A ,NUEVATEL PCS,,CUENTA CONTROLADA 60,1.26,0.67,0.67,0,,0.20,0,,60,0.029,,,
13745,TELEFONICA CELULAR DE BOLIVIA S A  TELECEL S A ,TELECEL S.A.,,FACTURA FIJA 2000,0.80,0.69,0.69,0,,0.20,0,,2000,0.03,,,
13164,TELEFONICA CELULAR DE BOLIVIA S A  TELECEL S A ,TELECEL S.A.,,FACTURA FIJA 150,0.85,0.69,0.69,0,,0.20,0,,150,0.03,,,
9794,TELEFONICA CELULAR DE BOLIVIA S A  TELECEL S A ,TELECEL S.A.,,NEGOCIO 375,0.85,0.85,0.85,350,,0.20,14000,,375,0.03,,,
12491,EMPRESA DE TELECOMUNICACIONES NUEVATEL PCS DE BOLIVIA S A  NUEVATEL PCS DE BOLIVIA S A ,NUEVATEL PCS,,PYME EXACTO 75,1.10,1.10,1.10,0,,0.20,0,,75,0.029,,,
12975,TELEFONICA CELULAR DE BOLIVIA S A  TELECEL S A ,TELECEL S.A.,,EMPRESA 350,0.65,0.65,0.65,0,,0.20,25000,,350,0.03,,,
8792,TELEFONICA CELULAR DE BOLIVIA S A  TELECEL S A ,TELECEL S.A.,,ENTERPRISE PLUS 100,0.80,0.80,0.80,0,,0.20,3000,,100,0.03,,,
12987,TELEFONICA CELULAR DE BOLIVIA S A  TELECEL S A ,TELECEL S.A.,,ENTERPRISE 75,0.85,0.85,0.85,0,,0.20,2500,,75,0.03,,,
8723,TELEFONICA CELULAR DE BOLIVIA S A  TELECEL S A ,TELECEL S.A.,, F  CIL SIN L  MITE 150,0.85,0.85,0.85,100,,0.20,1700,,150,0.03,,,
12484,EMPRESA DE TELECOMUNICACIONES NUEVATEL PCS DE BOLIVIA S A  NUEVATEL PCS DE BOLIVIA S A ,NUEVATEL PCS,,PYME FACIL 75,1.10,1.10,1.10,0,,0.20,0,,75,0.029,,,
12473,EMPRESA DE TELECOMUNICACIONES NUEVATEL PCS DE BOLIVIA S A  NUEVATEL PCS DE BOLIVIA S A ,NUEVATEL PCS,,WOW ILIMITADO 349,0.99,0.99,0.99,0,,0,0,,349,0,,,
12536,EMPRESA DE TELECOMUNICACIONES NUEVATEL PCS DE BOLIVIA S A  NUEVATEL PCS DE BOLIVIA S A ,NUEVATEL PCS,,EMPRENDIMIENTO,0.66,0.66,0.66,0,,0.20,0,,299,0.02,,,
12539,EMPRESA DE TELECOMUNICACIONES NUEVATEL PCS DE BOLIVIA S A  NUEVATEL PCS DE BOLIVIA S A ,NUEVATEL PCS,,EJECUTIVO LIMITE ABIERTO 300,0.80,0.80,0.80,20,,0.20,8,,300,0.029,,,
13731,TELEFONICA CELULAR DE BOLIVIA S A  TELECEL S A ,TELECEL S.A.,,TIGO GSM 340,0.80,0.80,0.80,0,,0.20,0,,340,0.03,,,
11251,TELEFONICA CELULAR DE BOLIVIA S A  TELECEL S A ,TELECEL S.A.,,MEGA PLAN 180,0.80,0.80,0.80,ILIMITADO,,0.20,12000,,180,0.03,,,
13702,TELEFONICA CELULAR DE BOLIVIA S A  TELECEL S A ,TELECEL S.A.,,N  MERO AMIGO POR 30 D  AS,NA,NA,NA,NA,,0.20,NA,,10,0.03,,,
11782,EMPRESA DE TELECOMUNICACIONES NUEVATEL PCS DE BOLIVIA S A  NUEVATEL PCS DE BOLIVIA S A ,NUEVATEL PCS,,CC FLEXIBLE 85   PARAMOUNT    ,"1,18","1,18","1,18",0,,0.20,0,,114,0.029,,,
13728,TELEFONICA CELULAR DE BOLIVIA S A  TELECEL S A ,TELECEL S.A.,,TIGO GSM 120,0.85,0.85,0.85,0,,0.20,0,,120,0.03,,,
12506,EMPRESA DE TELECOMUNICACIONES NUEVATEL PCS DE BOLIVIA S A  NUEVATEL PCS DE BOLIVIA S A ,NUEVATEL PCS,,PREPAGO PREPLAN,1.59,1,0.79,0,,0.20,0,,0,0.029,,,
8204,EMPRESA DE TELECOMUNICACIONES NUEVATEL PCS DE BOLIVIA S A  NUEVATEL PCS DE BOLIVIA S A ,NUEVATEL PCS,,PREPAGO 300,0.80,0.68,0.5,0,,0.2,0,,0,0.029,,,
9825,TELEFONICA CELULAR DE BOLIVIA S A  TELECEL S A ,TELECEL S.A.,,PAQUETIGO MINUTOS NACIONALES 2,4.80,4.80,4.80,0,,0.20,0,,4.8,0.03,,,
12696,EMPRESA DE TELECOMUNICACIONES NUEVATEL PCS DE BOLIVIA S A  NUEVATEL PCS DE BOLIVIA S A ,NUEVATEL PCS,,CC 140   PARAMOUNT    ,0.89,0.67,0.67,0,,0.20,0,,169,0.029,,,
11819,EMPRESA DE TELECOMUNICACIONES NUEVATEL PCS DE BOLIVIA S A  NUEVATEL PCS DE BOLIVIA S A ,NUEVATEL PCS,,MEGA INTELIGENTE 190   PARAMOUNT    ,0.89,0.89,0.89,30,,0.20,2700,,219,0.029,,,
9822,TELEFONICA CELULAR DE BOLIVIA S A  TELECEL S A ,TELECEL S.A.,,PAQUETIGO MINUTOS Y SMS ,2.50,2.50,2.50,10,,0.20,0,,2.5,0.15,,,
5744,TELEFONICA CELULAR DE BOLIVIA S A  TELECEL S A ,TELECEL S.A.,,TIGO PRE PAGO,1.59,1,0.79,0,,0.20,0,,,0.15,,,
12489,EMPRESA DE TELECOMUNICACIONES NUEVATEL PCS DE BOLIVIA S A  NUEVATEL PCS DE BOLIVIA S A ,NUEVATEL PCS,,PYME FACIL 150,0.82,0.82,0.82,0,,0.20,0,,150,0.029,,,
12990,TELEFONICA CELULAR DE BOLIVIA S A  TELECEL S A ,TELECEL S.A.,,ENTERPRISE PLUS 200,0.80,0.80,0.80,0,,0.20,8000,,200,0.03,,,
12490,EMPRESA DE TELECOMUNICACIONES NUEVATEL PCS DE BOLIVIA S A  NUEVATEL PCS DE BOLIVIA S A ,NUEVATEL PCS,,PYME FACIL 100,0.83,0.83,0.83,0,,0.20,0,,100,0.029,,,
12523,EMPRESA DE TELECOMUNICACIONES NUEVATEL PCS DE BOLIVIA S A  NUEVATEL PCS DE BOLIVIA S A ,NUEVATEL PCS,,INTELIGENTE FACIL 200,0.86,0.86,0.86,40,,0.20,1200,,200,0.029,,,
12566,EMPRESA DE TELECOMUNICACIONES NUEVATEL PCS DE BOLIVIA S A  NUEVATEL PCS DE BOLIVIA S A ,NUEVATEL PCS,,A TU MEDIDA   PLAN S,1,1,1,0,,0.20,2500,,150,0.029,,,
9830,TELEFONICA CELULAR DE BOLIVIA S A  TELECEL S A ,TELECEL S.A.,,PAQUETIGO MINUTOS NACIONALES 4,15,15,15,0,,0.20,0,,15,0.15,,,
12972,TELEFONICA CELULAR DE BOLIVIA S A  TELECEL S A ,TELECEL S.A.,,EMPRESA 150,0.65,0.65,0.65,0,,0.20,9000,,150,0.03,,,
9820,TELEFONICA CELULAR DE BOLIVIA S A  TELECEL S A ,TELECEL S.A.,,PAQUETIGO DE MINUTOS TIGO,2,2,2,0,,0.20,0,,2,0.15,,,
9784,TELEFONICA CELULAR DE BOLIVIA S A  TELECEL S A ,TELECEL S.A.,,ENTERPRISE 200,0.85,0.85,0.85,200,,0.20,7000,,200,0.03,,,
10921,EMPRESA NACIONAL ENTEL S A ,ENTEL S.A.,,SIMPLE ILIMITADO 500,0.60,0.54,0.40,100,,0.20,18432,,500,0.02,,,
9863,TELEFONICA CELULAR DE BOLIVIA S A  TELECEL S A ,TELECEL S.A.,,MINISMART FF 300,0.83,0.69,0.69,0,,0.20,400,,300,0.03,,,
10897,EMPRESA NACIONAL ENTEL S A ,ENTEL S.A.,,SIMPLE ILIMITADO 200,0.70,0.54,0.40,100,,0.20,7168,,200,0.02,,,
11791,EMPRESA DE TELECOMUNICACIONES NUEVATEL PCS DE BOLIVIA S A  NUEVATEL PCS DE BOLIVIA S A ,NUEVATEL PCS,,PLAN M PLUS   PARAMOUNT    ,1,1,1,0,,0.20,5000,,279,0.029,,,
9791,TELEFONICA CELULAR DE BOLIVIA S A  TELECEL S A ,TELECEL S.A.,,NEGOCIO 175,0.85,0.85,0.85,450,,0.20,7000,,175,0.03,,,
12530,EMPRESA DE TELECOMUNICACIONES NUEVATEL PCS DE BOLIVIA S A  NUEVATEL PCS DE BOLIVIA S A ,NUEVATEL PCS,,INTELIGENTE 200,0.86,0.86,0.86,40,,0.20,1200,,200,0.029,,,
9862,TELEFONICA CELULAR DE BOLIVIA S A  TELECEL S A ,TELECEL S.A.,,MINISMART FF 220,0.85,0.69,0.69,0,,0.20,300,,220,0.03,,,
11824,EMPRESA DE TELECOMUNICACIONES NUEVATEL PCS DE BOLIVIA S A  NUEVATEL PCS DE BOLIVIA S A ,NUEVATEL PCS,,CC 140   PARAMOUNT    ,0.89,0.67,0.67,0,,0.20,0,,169,0.029,,,
12986,TELEFONICA CELULAR DE BOLIVIA S A  TELECEL S A ,TELECEL S.A.,,EMPRESA PLUS 40,0.80,0.80,0.80,0,,0.20,0,,40,0.03,,,
11428,EMPRESA NACIONAL ENTEL S A ,ENTEL S.A.,,GIGAPLAN 105,0.70,0.50,-,5,,0.20,11264,,105,0.02,,,
13747,TELEFONICA CELULAR DE BOLIVIA S A  TELECEL S A ,TELECEL S.A.,,PEGADITO,NA,NA,NA,NA,,0.20,NA,,150,0.03,,,
11151,EMPRESA DE TELECOMUNICACIONES NUEVATEL PCS DE BOLIVIA S A  NUEVATEL PCS DE BOLIVIA S A ,NUEVATEL PCS,,WOW ESTUDIANTIL,1,1,1,1000,,0.20,6000,,99,0.029,,,
12488,EMPRESA DE TELECOMUNICACIONES NUEVATEL PCS DE BOLIVIA S A  NUEVATEL PCS DE BOLIVIA S A ,NUEVATEL PCS,,BOLSA PYME FACIL 200,1.12,1.12,1.12,0,,0.20,0,,200,0.029,,,
11781,EMPRESA DE TELECOMUNICACIONES NUEVATEL PCS DE BOLIVIA S A  NUEVATEL PCS DE BOLIVIA S A ,NUEVATEL PCS,,CC FLEXIBLE 60   PARAMOUNT    ,"1,26","1,26","1,26",0,,0.20,0,,89,0.029,,,
12537,EMPRESA DE TELECOMUNICACIONES NUEVATEL PCS DE BOLIVIA S A  NUEVATEL PCS DE BOLIVIA S A ,NUEVATEL PCS,,EJECUTIVO LIMITE ABIERTO 700,0.80,0.80,0.80,20,,0.20,8,,700,0.029,,,
12995,TELEFONICA CELULAR DE BOLIVIA S A  TELECEL S A ,TELECEL S.A.,,LTE INICIAL,1.60,1.20,0.80,0,,0.20,0,,0,0.03,,,
12563,EMPRESA DE TELECOMUNICACIONES NUEVATEL PCS DE BOLIVIA S A  NUEVATEL PCS DE BOLIVIA S A ,NUEVATEL PCS,,A TU MEDIDA   PLAN XL,1,1,1,0,,0.20,7000,,500,0.029,,,
13739,TELEFONICA CELULAR DE BOLIVIA S A  TELECEL S A ,TELECEL S.A.,,FACTURA FIJA 280,0.85,0.69,0.69,0,,0.20,0,,280,0.03,,,
12504,EMPRESA DE TELECOMUNICACIONES NUEVATEL PCS DE BOLIVIA S A  NUEVATEL PCS DE BOLIVIA S A ,NUEVATEL PCS,,PREPAGO VIVA,1.7,0.72,0.56,0,,0.20,0,,0,0.029,,,
11804,EMPRESA DE TELECOMUNICACIONES NUEVATEL PCS DE BOLIVIA S A  NUEVATEL PCS DE BOLIVIA S A ,NUEVATEL PCS,,PYME EXACTO 75   PARAMOUNT    ,1.10,1.10,1.10,0,,0.20,0,,104,0.029,,,
9860,TELEFONICA CELULAR DE BOLIVIA S A  TELECEL S A ,TELECEL S.A.,,MINISMART FF 110,1.2,0.69,0.69,0,,0.20,100,,110,0.03,,,
13734,TELEFONICA CELULAR DE BOLIVIA S A  TELECEL S A ,TELECEL S.A.,,TIGO GSM 1000,0.80,0.80,0.80,0,,0.20,0,,1000,0.03,,,
11789,EMPRESA DE TELECOMUNICACIONES NUEVATEL PCS DE BOLIVIA S A  NUEVATEL PCS DE BOLIVIA S A ,NUEVATEL PCS,,PLAN XXL   PARAMOUNT    ,1,1,1,0,,0.20,9000,,779,0.029,,,
12970,TELEFONICA CELULAR DE BOLIVIA S A  TELECEL S A ,TELECEL S.A.,,BOLSA CORPORATIVA,0.60,0.60,0.60,0,,0.20,0,,25000,0.0084,,,
12514,EMPRESA DE TELECOMUNICACIONES NUEVATEL PCS DE BOLIVIA S A  NUEVATEL PCS DE BOLIVIA S A ,NUEVATEL PCS,,POSTPAGO FACIL 30,1.45,0.67,0.67,0,,0.20,0,,30,0.029,,,
11146,TELEFONICA CELULAR DE BOLIVIA S A  TELECEL S A ,TELECEL S.A.,,MEGA PLAN 169,0.80,0.80,0.80,Ilimitado,,0.20,ILIMITADO,,169,0.03,,,
11287,TELEFONICA CELULAR DE BOLIVIA S A  TELECEL S A ,TELECEL S.A.,,SIN L  MITE 200,0.85,0.85,0.85,0,,0.20,4000,,200,0.03,,,
7407,EMPRESA NACIONAL ENTEL S A ,ENTEL S.A.,,XLARGE  SIMPLE ,0.80,0.66,0,0,,0.20,0,,450,0.02,,,
7397,EMPRESA NACIONAL ENTEL S A ,ENTEL S.A.,,LARGE  INSTITUCION PUBLICA ,0.80,0.66,0,5,,0.20,0,,55,0.02,,,
12527,EMPRESA DE TELECOMUNICACIONES NUEVATEL PCS DE BOLIVIA S A  NUEVATEL PCS DE BOLIVIA S A ,NUEVATEL PCS,,INTELIGENTE 500,0.8,0.8,0.8,200,,0.20,6000,,500,0.029,,,
11812,EMPRESA DE TELECOMUNICACIONES NUEVATEL PCS DE BOLIVIA S A  NUEVATEL PCS DE BOLIVIA S A ,NUEVATEL PCS,,INTELIGENTE 300   PARAMOUNT    ,0.83,0.83,0.83,60,,0.20,2000,,329,0.029,,,
7402,EMPRESA NACIONAL ENTEL S A ,ENTEL S.A.,,XSMALLPLUS  SIMPLE ,1.00,0.66,0,0,,0.20,0,,75,0.02,,,
5697,EMPRESA NACIONAL ENTEL S A ,ENTEL S.A.,,PLAN SOLIDARIO D,0.50,0.50,0.40,0,,0.12,0,,,0.008,,,
12985,TELEFONICA CELULAR DE BOLIVIA S A  TELECEL S A ,TELECEL S.A.,,EMPRESA 600 PLUS,0.60,0.60,0.60,0,,0.20,30000,,600,0.03,,,
12546,EMPRESA DE TELECOMUNICACIONES NUEVATEL PCS DE BOLIVIA S A  NUEVATEL PCS DE BOLIVIA S A ,NUEVATEL PCS,,CUENTA CONTROLADA 500,0.80,0.67,0.67,0,,0.20,0,,500,0.029,,,
7406,EMPRESA NACIONAL ENTEL S A ,ENTEL S.A.,,LARGE  SIMPLE ,0.80,0.66,0,0,,0.20,0,,350,0.02,,,
9861,TELEFONICA CELULAR DE BOLIVIA S A  TELECEL S A ,TELECEL S.A.,,MINISMART FF 160,0.9,0.69,0.69,0,,0.20,180,,160,0.03,,,
7401,EMPRESA NACIONAL ENTEL S A ,ENTEL S.A.,,XSMALL  SIMPLE ,1.10,0.66,0,0,,0.20,0,,50,0.02,,,
12984,TELEFONICA CELULAR DE BOLIVIA S A  TELECEL S A ,TELECEL S.A.,,EMPRESA 500 PLUS,0.65,0.65,0.65,0,,0.20,27000,,500,0.03,,,
12551,EMPRESA DE TELECOMUNICACIONES NUEVATEL PCS DE BOLIVIA S A  NUEVATEL PCS DE BOLIVIA S A ,NUEVATEL PCS,,CUENTA CONTROLADA 140,0.89,0.67,0.67,0,,0.20,0,,140,0.029,,,
11635,EMPRESA DE TELECOMUNICACIONES NUEVATEL PCS DE BOLIVIA S A  NUEVATEL PCS DE BOLIVIA S A ,NUEVATEL PCS,,WOW MAX,1,1,1,1000,,0.20,ilimitados,,249,0,,,
13236,TELEFONICA CELULAR DE BOLIVIA S A  TELECEL S A ,TELECEL S.A.,,MEGA PLAN 339,0.80,0.80,0.80,ILIMITADO,,0.20,ILIMITADO,,339,0.03,,,
9797,TELEFONICA CELULAR DE BOLIVIA S A  TELECEL S A ,TELECEL S.A.,,NEGOCIO PLUS 175,0.88,0.88,0.88,200,,0.20,5000,,175,0.03,,,
7393,EMPRESA NACIONAL ENTEL S A ,ENTEL S.A.,,XLARGE  CORPORATIVO EXACTO ,0.60,0.50,0,5,,0.20,0,,35,0.02,,,
12512,EMPRESA DE TELECOMUNICACIONES NUEVATEL PCS DE BOLIVIA S A  NUEVATEL PCS DE BOLIVIA S A ,NUEVATEL PCS,,POSTPAGO FACIL 75,1.20,0.67,0.67,0,,0.20,0,,75,0.029,,,
13753,TELEFONICA CELULAR DE BOLIVIA S A  TELECEL S A ,TELECEL S.A.,,FF SMART 600,0.80,0.80,0.80,NA,,0.20,Ilimitado,,600,0.03,,,
8141,EMPRESA DE TELECOMUNICACIONES NUEVATEL PCS DE BOLIVIA S A  NUEVATEL PCS DE BOLIVIA S A ,NUEVATEL PCS,,A TU MEDIDA   PLAN M,1,1,1,0,,0.20,4000,,250,0.029,,,
11148,TELEFONICA CELULAR DE BOLIVIA S A  TELECEL S A ,TELECEL S.A.,,MEGA PLAN 145,0.80,0.80,0.80,iLIMITADO,,0.20,6000,,145,0.03,,,
11817,EMPRESA DE TELECOMUNICACIONES NUEVATEL PCS DE BOLIVIA S A  NUEVATEL PCS DE BOLIVIA S A ,NUEVATEL PCS,,MEGA INTELIGENTE 80   PARAMOUNT    ,1.30,1.30,1.30,10,,0.20,1100,,109,0.029,,,
10917,EMPRESA NACIONAL ENTEL S A ,ENTEL S.A.,,SIMPLE ILIMITADO 100,0.75,0.54,0.40,100,,0.20,3072,,100,0.02,,,
12965,TELEFONICA CELULAR DE BOLIVIA S A  TELECEL S A ,TELECEL S.A.,,BOLSA NEGOCIO,0.60,0.60,0.60,0,,0.20,0,,4999,0.0096,,,
5251,EMPRESA DE TELECOMUNICACIONES NUEVATEL PCS DE BOLIVIA S A  NUEVATEL PCS DE BOLIVIA S A ,NUEVATEL PCS,,PREPAGO SOLIDARIO,0.50,0.37,0.25,0,,0.12,0,,,0.008,,,
12471,TELEFONICA CELULAR DE BOLIVIA S A  TELECEL S A ,TELECEL S.A.,,BOLSA NEGOCIO,"0,60","0,60","0,60",0,,0.20,0,,4.999,0.0096,,,
12976,TELEFONICA CELULAR DE BOLIVIA S A  TELECEL S A ,TELECEL S.A.,,EMPRESA 500,0.65,0.65,0.65,0,,0.20,27000,,500,0.03,,,
12529,EMPRESA DE TELECOMUNICACIONES NUEVATEL PCS DE BOLIVIA S A  NUEVATEL PCS DE BOLIVIA S A ,NUEVATEL PCS,,INTELIGENTE 300,0.83,0.83,0.83,60,,0.20,2000,,300,0.029,,,
11147,TELEFONICA CELULAR DE BOLIVIA S A  TELECEL S A ,TELECEL S.A.,,MEGA PLAN 269,0.80,0.80,0.80,Ilimitado,,0.20,ILIMITADO,,269,0.03,,,
13163,TELEFONICA CELULAR DE BOLIVIA S A  TELECEL S A ,TELECEL S.A.,,FACTURA FIJA 100,0.85,0.69,0.69,0,,0.20,0,,100,0.03,,,
9799,TELEFONICA CELULAR DE BOLIVIA S A  TELECEL S A ,TELECEL S.A.,,NEGOCIO PLUS 275,0.88,0.88,0.88,200,,0.20,8500,,275,0.03,,,
13737,TELEFONICA CELULAR DE BOLIVIA S A  TELECEL S A ,TELECEL S.A.,,FACTURA FIJA 220,0.85,0.69,0.69,0,,0.20,0,,220,0.03,,,
11436,EMPRESA NACIONAL ENTEL S A ,ENTEL S.A.,,GIGAPLAN 240,0.60,0.50,0,5,,0.20,22528,,240,0.02,,,
9827,TELEFONICA CELULAR DE BOLIVIA S A  TELECEL S A ,TELECEL S.A.,,PAQUETIGO DE MINUTOS HOME 2,15,15,15,0,,0.20,0,,15,0.15,,,
12535,EMPRESA DE TELECOMUNICACIONES NUEVATEL PCS DE BOLIVIA S A  NUEVATEL PCS DE BOLIVIA S A ,NUEVATEL PCS,,EMPRESA,0.60,0.60,0.60,0,,0.20,0,,4999,0.0083,,,
10873,EMPRESA NACIONAL ENTEL S A ,ENTEL S.A.,,SIMPLE ILIMITADO 150,0.70,0.54,0.40,100,,0.20,5120,,150,0.02,,,
12524,EMPRESA DE TELECOMUNICACIONES NUEVATEL PCS DE BOLIVIA S A  NUEVATEL PCS DE BOLIVIA S A ,NUEVATEL PCS,,INTELIGENTE FACIL 150,0.89,0.89,0.89,30,,0.20,800,,150,0.029,,,
7394,EMPRESA NACIONAL ENTEL S A ,ENTEL S.A.,,XSMALL  INST PUBLICA ,0.80,0.66,0,5,,0.20,0,,75,0.02,,,
8138,EMPRESA DE TELECOMUNICACIONES NUEVATEL PCS DE BOLIVIA S A  NUEVATEL PCS DE BOLIVIA S A ,NUEVATEL PCS,,A TU MEDIDA   PLAN L,1,1,1,0,,0.20,5000,,350,0.029,,,
11276,TELEFONICA CELULAR DE BOLIVIA S A  TELECEL S A ,TELECEL S.A.,,MEGA PLAN 109,"0,80",0.80,0.80,ILIMITADO,,0.20,4000,,109,0.03,,,
9831,TELEFONICA CELULAR DE BOLIVIA S A  TELECEL S A ,TELECEL S.A.,,PAQUETIGO MINUTOS NACIONALES 3,6,6,6,0,,0.20,0,,6,0.15,,,
12532,EMPRESA DE TELECOMUNICACIONES NUEVATEL PCS DE BOLIVIA S A  NUEVATEL PCS DE BOLIVIA S A ,NUEVATEL PCS,,INTELIGENTE 150,0.89,0.89,0.89,30,,0.20,800,,150,0.029,,,
11785,EMPRESA DE TELECOMUNICACIONES NUEVATEL PCS DE BOLIVIA S A  NUEVATEL PCS DE BOLIVIA S A ,NUEVATEL PCS,,PLAN L   PARAMOUNT    ,1,1,1,0,,0.20,6000,,379,0.029,,,
12543,EMPRESA DE TELECOMUNICACIONES NUEVATEL PCS DE BOLIVIA S A  NUEVATEL PCS DE BOLIVIA S A ,NUEVATEL PCS,,CUENTA CONTROLADA L  NEA GEMELA,1,0.67,0.67,0,,0.20,0,,10,0.029,,,
12516,EMPRESA DE TELECOMUNICACIONES NUEVATEL PCS DE BOLIVIA S A  NUEVATEL PCS DE BOLIVIA S A ,NUEVATEL PCS,,POSTPAGO FACIL 140,0.89,0.67,0.67,0,,0.20,0,,140,0.029,,,
12540,EMPRESA DE TELECOMUNICACIONES NUEVATEL PCS DE BOLIVIA S A  NUEVATEL PCS DE BOLIVIA S A ,NUEVATEL PCS,,EJECUTIVO LIMITE ABIERTO 200,0.85,0.85,0.85,20,,0.20,8,,200,0.5,,,
7405,EMPRESA NACIONAL ENTEL S A ,ENTEL S.A.,,MEDIUM  SIMPLE ,0.80,0.66,0,0,,0.20,0,,250,0.02,,,
12562,EMPRESA DE TELECOMUNICACIONES NUEVATEL PCS DE BOLIVIA S A  NUEVATEL PCS DE BOLIVIA S A ,NUEVATEL PCS,,A TU MEDIDA   PLAN XL PLUS,1,1,1,0,,0.20,8500,,500,0.029,,,
12993,TELEFONICA CELULAR DE BOLIVIA S A  TELECEL S A ,TELECEL S.A.,,ENTERPRISE PLUS 500,0.80,0.80,0.80,0,,0.20,18000,,500,0.03,,,
12567,EMPRESA DE TELECOMUNICACIONES NUEVATEL PCS DE BOLIVIA S A  NUEVATEL PCS DE BOLIVIA S A ,NUEVATEL PCS,,A TU MEDIDA   PLAN M PLUS,1,1,1,0,,0.20,5000,,250,0.029,,,
12549,EMPRESA DE TELECOMUNICACIONES NUEVATEL PCS DE BOLIVIA S A  NUEVATEL PCS DE BOLIVIA S A ,NUEVATEL PCS,,CUENTA CONTROLADA 260,0.80,0.67,0.67,0,,0.20,0,,260,0.029,,,
12571,EMPRESA DE TELECOMUNICACIONES NUEVATEL PCS DE BOLIVIA S A  NUEVATEL PCS DE BOLIVIA S A ,NUEVATEL PCS,,A TU MEDIDA   PLAN M,1,1,1,0,,0.20,4000,,250,0.029,,,
12496,EMPRESA DE TELECOMUNICACIONES NUEVATEL PCS DE BOLIVIA S A  NUEVATEL PCS DE BOLIVIA S A ,NUEVATEL PCS,,PYME EXACTO 150,0.82,0.82,0.82,0,,0.20,0,,150,0.029,,,
12556,EMPRESA DE TELECOMUNICACIONES NUEVATEL PCS DE BOLIVIA S A  NUEVATEL PCS DE BOLIVIA S A ,NUEVATEL PCS,,ABIERTO VIVA 250,0.80,0.80,0.80,20,,0.20,0,,260,0.029,,,
12402,TELEFONICA CELULAR DE BOLIVIA S A  TELECEL S A ,TELECEL S.A.,,BOLSA SIMPLE ,"0,65","0,65","0,65",0,,0.20,0,,1.499,0.0096,,,
13746,TELEFONICA CELULAR DE BOLIVIA S A  TELECEL S A ,TELECEL S.A.,,FACTURA FIJA PEGADITO 100,0.85,0.69,0.69,NA,,0.20,NA,,100,0.03,,,
11253,TELEFONICA CELULAR DE BOLIVIA S A  TELECEL S A ,TELECEL S.A.,,MEGA PLAN 259,0.80,0.80,0.80,ILIMITADO,,0.20,22000,,259,0.03,,,
12554,EMPRESA DE TELECOMUNICACIONES NUEVATEL PCS DE BOLIVIA S A  NUEVATEL PCS DE BOLIVIA S A ,NUEVATEL PCS,,ABIERTO VIVA 70,1.14,1.14,1.14,15,,0.20,0,,80,0.29,,,
10458,EMPRESA DE TELECOMUNICACIONES NUEVATEL PCS DE BOLIVIA S A  NUEVATEL PCS DE BOLIVIA S A ,NUEVATEL PCS,,PREPAGO 300,0.80,0.68,0.5,0,,0.2,0,,0,0.029,,,
12558,EMPRESA DE TELECOMUNICACIONES NUEVATEL PCS DE BOLIVIA S A  NUEVATEL PCS DE BOLIVIA S A ,NUEVATEL PCS,,ABIERTO VIVA 110,1.10,1.10,1.10,15,,0.20,0,,123,0.029,,,
11432,EMPRESA NACIONAL ENTEL S A ,ENTEL S.A.,,GIGAPLAN 300,0.60,0.50,-,5,,0.20,ILIMITADO,,300,0.02,,,
9828,TELEFONICA CELULAR DE BOLIVIA S A  TELECEL S A ,TELECEL S.A.,,PAQUETIGO DE MINUTOS HOME 3,30,30,30,0,,0.20,0,,30,0.15,,,
12962,TELEFONICA CELULAR DE BOLIVIA S A  TELECEL S A ,TELECEL S.A.,,BOLSA SIMPLE,0.65,0.65,0.65,0,,0.20,0,,1499,0.0096,,,
12996,TELEFONICA CELULAR DE BOLIVIA S A  TELECEL S A ,TELECEL S.A.,,TITANIUM PLUS    ,0.80,0.80,0.80,50,,0.20,ILIMITADO,,750,0.03,,,
11704,EMPRESA DE TELECOMUNICACIONES NUEVATEL PCS DE BOLIVIA S A  NUEVATEL PCS DE BOLIVIA S A ,NUEVATEL PCS,,POSTPAGO F  CIL 100   PARAMOUNT    ,0.90,0.67,0.67,0,,0.20,0,,129,0.029,,,
12479,EMPRESA DE TELECOMUNICACIONES NUEVATEL PCS DE BOLIVIA S A  NUEVATEL PCS DE BOLIVIA S A ,NUEVATEL PCS,,REPLAN MAYOR A 1 A  O,1.49,0.95,0.73,0,,0.20,0,,0,0.029,,,
7428,TELEFONICA CELULAR DE BOLIVIA S A  TELECEL S A ,TELECEL S.A.,,F  CIL SIN L  MITE 200,0.88,0.88,0.88,100,,0.20,2200,,200,0.15,,,
11255,TELEFONICA CELULAR DE BOLIVIA S A  TELECEL S A ,TELECEL S.A.,,MEGA PLAN 189,0.80,0.80,0.80,ILIMITADO,,0.20,ILIMITADO,,189,0.03,,,
12526,EMPRESA DE TELECOMUNICACIONES NUEVATEL PCS DE BOLIVIA S A  NUEVATEL PCS DE BOLIVIA S A ,NUEVATEL PCS,,INTELIGENTE 750,0.8,0.8,0.8,200,,0.20,10500,,750,0.029,,,
11788,EMPRESA DE TELECOMUNICACIONES NUEVATEL PCS DE BOLIVIA S A  NUEVATEL PCS DE BOLIVIA S A ,NUEVATEL PCS,,PLAN XL   PARAMOUNT    ,1,1,1,0,,0.20,7000,,529,0.029,,,
13000,TELEFONICA CELULAR DE BOLIVIA S A  TELECEL S A ,TELECEL S.A.,,EMPRESA  100,0.75,0.75,0.75,0,,0.20,5000,,100,0.03,,,
12973,TELEFONICA CELULAR DE BOLIVIA S A  TELECEL S A ,TELECEL S.A.,,EMPRESA 200,0.65,0.65,0.65,0,,0.20,15000,,200,0.03,,,
12547,EMPRESA DE TELECOMUNICACIONES NUEVATEL PCS DE BOLIVIA S A  NUEVATEL PCS DE BOLIVIA S A ,NUEVATEL PCS,,CUENTA CONTROLADA 350,0.80,0.67,0.67,0,,0.20,0,,350,0.029,,,
9800,TELEFONICA CELULAR DE BOLIVIA S A  TELECEL S A ,TELECEL S.A.,,NEGOCIO PLUS 375,0.88,0.88,0.88,200,,0.20,10000,,375,0.03,,,
12555,EMPRESA DE TELECOMUNICACIONES NUEVATEL PCS DE BOLIVIA S A  NUEVATEL PCS DE BOLIVIA S A ,NUEVATEL PCS,,ABIERTO VIVA 370,0.80,0.80,0.80,20,,0.20,0,,330,0.029,,,
9785,TELEFONICA CELULAR DE BOLIVIA S A  TELECEL S A ,TELECEL S.A.,,ENTERPRISE 250,0.85,0.85,0.85,200,,0.20,9000,,250,0.03,,,
12978,TELEFONICA CELULAR DE BOLIVIA S A  TELECEL S A ,TELECEL S.A.,,EMPRESA 75 PLUS,0.75,0.75,0.75,0,,0.20,4000,,75,0.03,,,
9796,TELEFONICA CELULAR DE BOLIVIA S A  TELECEL S A ,TELECEL S.A.,,NEGOCIO 750,0.85,0.85,0.85,350,,0.20,20000,,750,0.15,,,
11801,EMPRESA DE TELECOMUNICACIONES NUEVATEL PCS DE BOLIVIA S A  NUEVATEL PCS DE BOLIVIA S A ,NUEVATEL PCS,,CC L  NEA GEMELA   PARAMOUNT    ,1,0.67,0.67,0,,0.20,0,,39,0.029,,,
12557,EMPRESA DE TELECOMUNICACIONES NUEVATEL PCS DE BOLIVIA S A  NUEVATEL PCS DE BOLIVIA S A ,NUEVATEL PCS,,ABIERTO VIVA 170,0.92,0.92,0.92,15,,0.20,0,,185,0.029,,,
9969,TELEFONICA CELULAR DE BOLIVIA S A  TELECEL S A ,TELECEL S.A.,,PAQUETIGO SMS ,NA,NA,NA,4,,0.20,NA,,0.7,0.03,,,
11825,EMPRESA DE TELECOMUNICACIONES NUEVATEL PCS DE BOLIVIA S A  NUEVATEL PCS DE BOLIVIA S A ,NUEVATEL PCS,,CC 190   PARAMOUNT    ,0.86,0.67,0.67,0,,0.20,0,,219,0.029,,,
11807,EMPRESA DE TELECOMUNICACIONES NUEVATEL PCS DE BOLIVIA S A  NUEVATEL PCS DE BOLIVIA S A ,NUEVATEL PCS,,PYME EXACTO 200   PARAMOUNT    ,0.80,0.80,0.80,0,,0.20,0,,229,0.2,,,
11286,TELEFONICA CELULAR DE BOLIVIA S A  TELECEL S A ,TELECEL S.A.,,SIN L  MITE 150,0.85,0.85,0.85,0,,0.20,3000,,150,0.03,,,
12968,TELEFONICA CELULAR DE BOLIVIA S A  TELECEL S A ,TELECEL S.A.,,BOLSA EMPRESA,0.60,0.60,0.60,0,,0.20,0,,24999,0.0092,,,
8118,TELEFONICA CELULAR DE BOLIVIA S A  TELECEL S A ,TELECEL S.A.,,TIGO PRE PAGO 2 ,0.90,0.675,0.45,0,,0.20,0,,0,0.03,,,
13161,TELEFONICA CELULAR DE BOLIVIA S A  TELECEL S A ,TELECEL S.A.,,FACTURA FIJA 50,0.85,0.69,0.69,0,,0.20,0,,50,0.03,,,
11790,EMPRESA DE TELECOMUNICACIONES NUEVATEL PCS DE BOLIVIA S A  NUEVATEL PCS DE BOLIVIA S A ,NUEVATEL PCS,,PLAN L PLUS   PARAMOUNT    ,1,1,1,0,,0.20,6000,,379,0.029,,,
13750,TELEFONICA CELULAR DE BOLIVIA S A  TELECEL S A ,TELECEL S.A.,,FF SMART 320,0.85,0.85,0.85,NA,,0.20,2500,,320,0.03,,,
11278,TELEFONICA CELULAR DE BOLIVIA S A  TELECEL S A ,TELECEL S.A.,,MEGA PLAN 149,0.80,0.80,0.80,ILIMITADO,,0.20,10000,,149,0.03,,,
11799,EMPRESA DE TELECOMUNICACIONES NUEVATEL PCS DE BOLIVIA S A  NUEVATEL PCS DE BOLIVIA S A ,NUEVATEL PCS,,POSTPAGO F  CIL 150   PARAMOUNT    ,"0,89","0,89","0,89",30,,0.20,180,,179,0.029,,,
8736,TELEFONICA CELULAR DE BOLIVIA S A  TELECEL S A ,TELECEL S.A.,,BOLSA CORPORATIVA TIGO 500,"0,85","0,85","0,85",0,,0.20,0,,799,0.03,,,
13752,TELEFONICA CELULAR DE BOLIVIA S A  TELECEL S A ,TELECEL S.A.,,FF SMART 500,0.81,0.81,0.81,NA,,0.20,Ilimitado,,500,0.03,,,
8799,TELEFONICA CELULAR DE BOLIVIA S A  TELECEL S A ,TELECEL S.A.,,ENTERPRISE PLUS 75,0.80,0.80,0.80,0,,0.20,2000,,75,0.03,,,
12541,EMPRESA DE TELECOMUNICACIONES NUEVATEL PCS DE BOLIVIA S A  NUEVATEL PCS DE BOLIVIA S A ,NUEVATEL PCS,,EJECUTIVO LIMITE ABIERTO 1000,0.80,0.80,0.80,20,,0.20,8,,1000,0.029,,,
11290,TELEFONICA CELULAR DE BOLIVIA S A  TELECEL S A ,TELECEL S.A.,,SIN L  MITE 500,0.85,0.85,0.85,0,,0.20,8500,,500,0.03,,,
12511,EMPRESA DE TELECOMUNICACIONES NUEVATEL PCS DE BOLIVIA S A  NUEVATEL PCS DE BOLIVIA S A ,NUEVATEL PCS,,PREPAGO 300,0.80,0.68,0.5,0,,0.2,0,,0,0.029,,,
12510,EMPRESA DE TELECOMUNICACIONES NUEVATEL PCS DE BOLIVIA S A  NUEVATEL PCS DE BOLIVIA S A ,NUEVATEL PCS,,PREPAGO D  O,1.55,0.69,0.51,0,,0.2,0,,0,0.029,,,
12509,EMPRESA DE TELECOMUNICACIONES NUEVATEL PCS DE BOLIVIA S A  NUEVATEL PCS DE BOLIVIA S A ,NUEVATEL PCS,,PREPAGO L  NEA GEMELA,1.70,0.72,0.56,0,,0.2,0,,0,0.029,,,
12520,EMPRESA DE TELECOMUNICACIONES NUEVATEL PCS DE BOLIVIA S A  NUEVATEL PCS DE BOLIVIA S A ,NUEVATEL PCS,,MEGA INTELIGENTE 190,0.89,0.89,0.89,30,,0.20,2700,,190,0.029,,,
9798,TELEFONICA CELULAR DE BOLIVIA S A  TELECEL S A ,TELECEL S.A.,,NEGOCIO PLUS 225,0.88,0.88,0.88,200,,0.20,7000,,225,0.03,,,
11173,EMPRESA DE TELECOMUNICACIONES NUEVATEL PCS DE BOLIVIA S A  NUEVATEL PCS DE BOLIVIA S A ,NUEVATEL PCS,,BOLSA PYME EXACTA 500,1,1,1,0,,0.20,0,,500,0.029,,,
12493,EMPRESA DE TELECOMUNICACIONES NUEVATEL PCS DE BOLIVIA S A  NUEVATEL PCS DE BOLIVIA S A ,NUEVATEL PCS,,PYME EXACTO 300,0.80,0.80,0.80,0,,0.20,0,,300,0.029,,,
11277,TELEFONICA CELULAR DE BOLIVIA S A  TELECEL S A ,TELECEL S.A.,,MEGA PLAN 135,0.80,0.80,0.80,ILIMITADO,,0.20,2000,,135,0.03,,,
13736,TELEFONICA CELULAR DE BOLIVIA S A  TELECEL S A ,TELECEL S.A.,,FACTURA FIJA 200,0.85,0.69,0.69,0,,0.20,0,,200,0.03,,,
12538,EMPRESA DE TELECOMUNICACIONES NUEVATEL PCS DE BOLIVIA S A  NUEVATEL PCS DE BOLIVIA S A ,NUEVATEL PCS,,EJECUTIVO LIMITE ABIERTO 650,0.80,0.80,0.80,20,,0.20,8,,650,0.029,,,
11828,EMPRESA DE TELECOMUNICACIONES NUEVATEL PCS DE BOLIVIA S A  NUEVATEL PCS DE BOLIVIA S A ,NUEVATEL PCS,,CC 500   PARAMOUNT    ,0.80,0.67,0.67,0,,0.20,0,,529,0.029,,,
11526,TELEFONICA CELULAR DE BOLIVIA S A  TELECEL S A ,TELECEL S.A.,,ADICIONAL TIGO TOTAL LITE,0.80,0.80,0.80,0,,0.20,iLIMITADO,,99,0.03,,,
11191,EMPRESA DE TELECOMUNICACIONES NUEVATEL PCS DE BOLIVIA S A  NUEVATEL PCS DE BOLIVIA S A ,NUEVATEL PCS,,EJECUTIVO LIMITE ABIERTO 400,0.80,0.80,0.80,20,,0.20,8,,400,0.029,,,
12559,EMPRESA DE TELECOMUNICACIONES NUEVATEL PCS DE BOLIVIA S A  NUEVATEL PCS DE BOLIVIA S A ,NUEVATEL PCS,,A TU MEDIDA   PLAN XXL,1,1,1,0,,0.20,9000,,750,0.029,,,
12971,TELEFONICA CELULAR DE BOLIVIA S A  TELECEL S A ,TELECEL S.A.,,EMPRESA 75,0.75,0.75,0.75,0,,0.20,4000,,75,0.03,,,
11158,EMPRESA DE TELECOMUNICACIONES NUEVATEL PCS DE BOLIVIA S A  NUEVATEL PCS DE BOLIVIA S A ,NUEVATEL PCS,,A TU MEDIDA   PLAN M PLUS,1,1,1,0,,0.20,5000,,250,0.029,,,
12482,EMPRESA DE TELECOMUNICACIONES NUEVATEL PCS DE BOLIVIA S A  NUEVATEL PCS DE BOLIVIA S A ,NUEVATEL PCS,,PYME FACIL INTELIGENTE 150,0.89,0.89,0.89,30,,0.20,800,,150,0.029,,,
8724,TELEFONICA CELULAR DE BOLIVIA S A  TELECEL S A ,TELECEL S.A.,,F  CIL SIN L  MITE 200,0.85,0.85,0.85,100,,0.20,2200,,200,0.03,,,
12998,TELEFONICA CELULAR DE BOLIVIA S A  TELECEL S A ,TELECEL S.A.,,INFINITE PLUS    ,0.80,0.80,0.80,200,,0.20,ILIMITADO,,2200,0.03,,,
9824,TELEFONICA CELULAR DE BOLIVIA S A  TELECEL S A ,TELECEL S.A.,,PAQUETIGO MINUTOS Y SMS ,5,5,5,10,,0.20,0,,5,0.15,,,
11803,EMPRESA DE TELECOMUNICACIONES NUEVATEL PCS DE BOLIVIA S A  NUEVATEL PCS DE BOLIVIA S A ,NUEVATEL PCS,,PYME EXACTO 50   PARAMOUNT    , 1.15, 1.15, 1.15,0,,0.20,0,,79,0.029,,,
11805,EMPRESA DE TELECOMUNICACIONES NUEVATEL PCS DE BOLIVIA S A  NUEVATEL PCS DE BOLIVIA S A ,NUEVATEL PCS,,PYME EXACTO 100   PARAMOUNT    ,0.83,0.83,0.83,0,,0.20,0,,129,0.029,,,
7389,EMPRESA NACIONAL ENTEL S A ,ENTEL S.A.,,XXSMALL  CORPORATIVO EXACTO ,0.80,0.50,0,5,,0.20,0,,60,0.02,,,
12988,TELEFONICA CELULAR DE BOLIVIA S A  TELECEL S A ,TELECEL S.A.,,ENTERPRISE 100,0.85,0.85,0.85,0,,0.20,3500,,100,0.03,,,
12991,TELEFONICA CELULAR DE BOLIVIA S A  TELECEL S A ,TELECEL S.A.,,ENTERPRISE PLUS 250,0.80,0.80,0.80,0,,0.20,9500,,250,0.03,,,
12469,TELEFONICA CELULAR DE BOLIVIA S A  TELECEL S A ,TELECEL S.A.,,BOLSA  SIMPLE,"0,65","0,65","0,65",0,,0.20,0,,1.499,0.0096,,,
11822,EMPRESA DE TELECOMUNICACIONES NUEVATEL PCS DE BOLIVIA S A  NUEVATEL PCS DE BOLIVIA S A ,NUEVATEL PCS,,CC 75   PARAMOUNT    ,1.20,0.67,0.67,0,,0.20,0,,104,0.029,,,
9823,TELEFONICA CELULAR DE BOLIVIA S A  TELECEL S A ,TELECEL S.A.,,PAQUETIGO MINUTOS Y SMS ,4,4,4,15,,0.20,0,,4,0.15,,,
7364,EMPRESA NACIONAL ENTEL S A ,ENTEL S.A.,,GIGAPLAN 170,0.60,0.50,0,5,,0.20,15360,,170,0.14,,,
12513,EMPRESA DE TELECOMUNICACIONES NUEVATEL PCS DE BOLIVIA S A  NUEVATEL PCS DE BOLIVIA S A ,NUEVATEL PCS,,POSTPAGO FACIL 50,1.25,0.67,0.67,0,,0.20,0,,50,0.029,,,
9786,TELEFONICA CELULAR DE BOLIVIA S A  TELECEL S A ,TELECEL S.A.,,ENTERPRISE 350,0.85,0.85,0.85,200,,0.20,10000,,350,0.03,,,
12498,EMPRESA DE TELECOMUNICACIONES NUEVATEL PCS DE BOLIVIA S A  NUEVATEL PCS DE BOLIVIA S A ,NUEVATEL PCS,,PYME,0.64,0.64,0.64,0,,0.20,0,,1499,0.0095,,,
11820,EMPRESA DE TELECOMUNICACIONES NUEVATEL PCS DE BOLIVIA S A  NUEVATEL PCS DE BOLIVIA S A ,NUEVATEL PCS,,CC 30   PARAMOUNT    , 1.45,0.67,0.67,0,,0.20,0,,59,0.029,,,
13749,TELEFONICA CELULAR DE BOLIVIA S A  TELECEL S A ,TELECEL S.A.,,FF SMART 200,0.85,0.85,0.85,NA,,0.20,1000,,200,0.03,,,
11802,EMPRESA DE TELECOMUNICACIONES NUEVATEL PCS DE BOLIVIA S A  NUEVATEL PCS DE BOLIVIA S A ,NUEVATEL PCS,,PYME EXACTO 30   PARAMOUNT    ,1.25,1.25,1.25,0,,0.20,0,,59,0.029,,,
11821,EMPRESA DE TELECOMUNICACIONES NUEVATEL PCS DE BOLIVIA S A  NUEVATEL PCS DE BOLIVIA S A ,NUEVATEL PCS,,CC 60   PARAMOUNT    ,1.26,0.67,0.67,0,,0.20,0,,89,0.029,,,
12525,EMPRESA DE TELECOMUNICACIONES NUEVATEL PCS DE BOLIVIA S A  NUEVATEL PCS DE BOLIVIA S A ,NUEVATEL PCS,,INTELIGENTE FACIL 100,1.15,1.15,1.15,20,,0.20,305,,100,0.029,,,
12992,TELEFONICA CELULAR DE BOLIVIA S A  TELECEL S A ,TELECEL S.A.,,ENTERPRISE PLUS 350,0.80,0.80,0.80,0,,0.20,15000,,350,0.03,,,
11252,TELEFONICA CELULAR DE BOLIVIA S A  TELECEL S A ,TELECEL S.A.,,MEGA PLAN 250,0.80,0.80,0.80,ILIMITADO,,0.20,18000,,250,0.03,,,
12564,EMPRESA DE TELECOMUNICACIONES NUEVATEL PCS DE BOLIVIA S A  NUEVATEL PCS DE BOLIVIA S A ,NUEVATEL PCS,,A TU MEDIDA   PLAN S PLUS,1,1,1,0,,0.20,3000,,150,0.052,,,
7404,EMPRESA NACIONAL ENTEL S A ,ENTEL S.A.,,SMALLPLUS,0.85,0.66,0,0,,0.20,0,,150,0.02,,,
11430,EMPRESA NACIONAL ENTEL S A ,ENTEL S.A.,,GIGAPLAN 180,0.60,0.50,-,5,,0.20,ILIMITADO,,180,0.02,,,
13743,TELEFONICA CELULAR DE BOLIVIA S A  TELECEL S A ,TELECEL S.A.,,FACTURA FIJA 500,0.80,0.69,0.69,0,,0.20,0,,500,0.03,,,
12528,EMPRESA DE TELECOMUNICACIONES NUEVATEL PCS DE BOLIVIA S A  NUEVATEL PCS DE BOLIVIA S A ,NUEVATEL PCS,,INTELIGENTE 400,0.8,0.8,0.8,180,,0.20,4000,,400,0.029,,,
10912,EMPRESA NACIONAL ENTEL S A ,ENTEL S.A.,,SIMPLE ILIMITADO 350,0.60,0.54,0.40,100,,0.20,12288,,350,0.02,,,
11811,EMPRESA DE TELECOMUNICACIONES NUEVATEL PCS DE BOLIVIA S A  NUEVATEL PCS DE BOLIVIA S A ,NUEVATEL PCS,,INTELIGENTE 200   PARAMOUNT    ,0.86,0.86,0.86,40,,0.20,1200,,229,0.029,,,
12135,TELEFONICA CELULAR DE BOLIVIA S A  TELECEL S A ,TELECEL S.A.,,BOLSA NEGOCIO,"0,60","0,60","0,60",0,,0.20,0,,4999,0.0096,,,
11827,EMPRESA DE TELECOMUNICACIONES NUEVATEL PCS DE BOLIVIA S A  NUEVATEL PCS DE BOLIVIA S A ,NUEVATEL PCS,,CC 350   PARAMOUNT    ,0.80,0.67,0.67,0,,0.20,0,,379,0.029,,,
12694,EMPRESA DE TELECOMUNICACIONES NUEVATEL PCS DE BOLIVIA S A  NUEVATEL PCS DE BOLIVIA S A ,NUEVATEL PCS,, CC FLEXIBLE 230   PARAMOUNT    ,"1,02","1,02","1,02",0,,0.20,0,,259,0.029,,,
10915,EMPRESA NACIONAL ENTEL S A ,ENTEL S.A.,,RECARGA AL PASO,1.21,0.55,0.41,0,,0.20,0,,0,0.02,,,
13744,TELEFONICA CELULAR DE BOLIVIA S A  TELECEL S A ,TELECEL S.A.,,FACTURA FIJA 1000,0.80,0.69,0.69,0,,0.20,0,,1000,0.03,,,
11800,EMPRESA DE TELECOMUNICACIONES NUEVATEL PCS DE BOLIVIA S A  NUEVATEL PCS DE BOLIVIA S A ,NUEVATEL PCS,,POSTPAGO F  CIL 200   PARAMOUNT    ,"0,86","0,86","0,86",40,,0.20,140,,229,0.029,,,
12548,EMPRESA DE TELECOMUNICACIONES NUEVATEL PCS DE BOLIVIA S A  NUEVATEL PCS DE BOLIVIA S A ,NUEVATEL PCS,,CUENTA CONTROLADA 30,1.45,0.67,0.67,0,,0.20,0,,30,0.029,,,
8725,TELEFONICA CELULAR DE BOLIVIA S A  TELECEL S A ,TELECEL S.A.,,F  CIL SIN L  MITE 250,0.85,0.85,0.85,100,,0.20,3200,,250,0.03,,,
12486,EMPRESA DE TELECOMUNICACIONES NUEVATEL PCS DE BOLIVIA S A  NUEVATEL PCS DE BOLIVIA S A ,NUEVATEL PCS,,PYME FACIL 30,1.25,1.25,1.25,0,,0.20,0,,30,0.029,,,
11815,EMPRESA DE TELECOMUNICACIONES NUEVATEL PCS DE BOLIVIA S A  NUEVATEL PCS DE BOLIVIA S A ,NUEVATEL PCS,,INTELIGENTE 750   PARAMOUNT    ,0.8,0.8,0.8,200,,0.20,10500,,779,0.029,,,
11630,EMPRESA DE TELECOMUNICACIONES NUEVATEL PCS DE BOLIVIA S A  NUEVATEL PCS DE BOLIVIA S A ,NUEVATEL PCS,,WOW,1,1,1,1000,,0.20,ilimitados,,198,0,,,
11797,EMPRESA DE TELECOMUNICACIONES NUEVATEL PCS DE BOLIVIA S A  NUEVATEL PCS DE BOLIVIA S A ,NUEVATEL PCS,,POSTPAGO F  CIL 50   PARAMOUNT    ,1.25,0.67,0.67,0,,0.20,0,,79,0.029,,,
7392,EMPRESA NACIONAL ENTEL S A ,ENTEL S.A.,,LARGE  CORPORATIVO EXACTO ,0.60,0.50,0,5,,0.20,0,,400,0.02,,,
12542,EMPRESA DE TELECOMUNICACIONES NUEVATEL PCS DE BOLIVIA S A  NUEVATEL PCS DE BOLIVIA S A ,NUEVATEL PCS,,EJECUTIVO LIMITE ABIERTO 100,0.95,0.95,0.95,20,,0.20,8,,100,0.029,,,
7399,EMPRESA NACIONAL ENTEL S A ,ENTEL S.A.,,XXLARGE  INSTITUCION PUBLICA ,0.80,0.66,0,5,,0.20,0,,48,0.02,,,
13727,TELEFONICA CELULAR DE BOLIVIA S A  TELECEL S A ,TELECEL S.A.,,TIGO GSM 85,1.41,1.41,1.41,0,,0.20,0,,85,0.03,,,
12518,EMPRESA DE TELECOMUNICACIONES NUEVATEL PCS DE BOLIVIA S A  NUEVATEL PCS DE BOLIVIA S A ,NUEVATEL PCS,,NEGOCIO,0.63,0.63,0.63,0,,0.20,0,,2499,0.0095,,,
10920,EMPRESA NACIONAL ENTEL S A ,ENTEL S.A.,,SIMPLE ILIMITADO 250,0.65,0.54,0.40,100,,0.20,9216,,250,0.02,,,
13658,TELEFONICA CELULAR DE BOLIVIA S A  TELECEL S A ,TELECEL S.A.,,MEGA PLAN 165,0.80,0.80,0.80,ILIMITADO,,0.20,8000,,165,0.03,,,
12134,TELEFONICA CELULAR DE BOLIVIA S A  TELECEL S A ,TELECEL S.A.,,BOLSA SIMPLE,"0,65","0,65","0,65",0,,0.20,0,,1499,0.0096,,,
11701,EMPRESA DE TELECOMUNICACIONES NUEVATEL PCS DE BOLIVIA S A  NUEVATEL PCS DE BOLIVIA S A ,NUEVATEL PCS,,POSTPAGO F  CIL 30   PARAMOUNT    ,1.45,0.67,0.67,0,,0.20,0,,59,0.029,,,
9833,TELEFONICA CELULAR DE BOLIVIA S A  TELECEL S A ,TELECEL S.A.,,10 MIN X 4 BS,4,4,4,0,,0.20,0,,4,0.03,,,
13711,EMPRESA DE TELECOMUNICACIONES NUEVATEL PCS DE BOLIVIA S A  NUEVATEL PCS DE BOLIVIA S A ,NUEVATEL PCS,,PREPAGO YEII PACK,"1,59",1,"0,79",0,,0.20,200,,0,0.029,,,
11818,EMPRESA DE TELECOMUNICACIONES NUEVATEL PCS DE BOLIVIA S A  NUEVATEL PCS DE BOLIVIA S A ,NUEVATEL PCS,,MEGA INTELIGENTE 130   PARAMOUNT    ,1.25,1.25,1.25,20,,0.20,1600,,159,0.029,,,
11806,EMPRESA DE TELECOMUNICACIONES NUEVATEL PCS DE BOLIVIA S A  NUEVATEL PCS DE BOLIVIA S A ,NUEVATEL PCS,,PYME EXACTO 150   PARAMOUNT    ,0.82,0.82,0.82,0,,0.20,0,,179,0.029,,,
13732,TELEFONICA CELULAR DE BOLIVIA S A  TELECEL S A ,TELECEL S.A.,,TIGO GSM 430,0.80,0.80,0.80,0,,0.20,0,,430,0.03,,,
12980,TELEFONICA CELULAR DE BOLIVIA S A  TELECEL S A ,TELECEL S.A.,,EMPRESA 150 PLUS,0.65,0.65,0.65,0,,0.20,9000,,150,0.03,,,
11773,EMPRESA DE TELECOMUNICACIONES NUEVATEL PCS DE BOLIVIA S A  NUEVATEL PCS DE BOLIVIA S A ,NUEVATEL PCS,,CC FLEXIBLE 130   PARAMOUNT    ,"1,10","1,10","1,10",0,,0.20,0,,159,0.029,,,
9795,TELEFONICA CELULAR DE BOLIVIA S A  TELECEL S A ,TELECEL S.A.,,NEGOCIO 525,0.85,0.85,0.85,450,,0.20,15000,,525,0.03,,,
9873,TELEFONICA CELULAR DE BOLIVIA S A  TELECEL S A ,TELECEL S.A.,,FF SMS 150,1.10,1.10,1.10,150,,0.20,0,,150,0.03,,,
8793,TELEFONICA CELULAR DE BOLIVIA S A  TELECEL S A ,TELECEL S.A.,,ENTERPRISE PLUS 150,0.80,0.80,0.80,0,,0.20,4500,,150,0.03,,,
11389,TELEFONICA CELULAR DE BOLIVIA S A  TELECEL S A ,TELECEL S.A.,,MEGA PLAN 299,0.80,0.80,0.80,ILIMITADO,,0.20,ILIMITADO,,299,0.03,,,
9821,TELEFONICA CELULAR DE BOLIVIA S A  TELECEL S A ,TELECEL S.A.,,PAQUETIGO DE MINUTOS HOME 4,50,50,50,0,,0.20,0,,50,0,,,
12485,EMPRESA DE TELECOMUNICACIONES NUEVATEL PCS DE BOLIVIA S A  NUEVATEL PCS DE BOLIVIA S A ,NUEVATEL PCS,,PYME FACIL 50,1.15,1.15,1.15,0,,0.20,0,,50,0.029,,,
12553,EMPRESA DE TELECOMUNICACIONES NUEVATEL PCS DE BOLIVIA S A  NUEVATEL PCS DE BOLIVIA S A ,NUEVATEL PCS,,ABIERTO VIVA 750,0.80,0.80,0.80,20,,0.20,0,,500,0.029,,,
13692,EMPRESA NACIONAL ENTEL S A ,ENTEL S.A.,,WSLC  XXS ,0,0,0,0,,0,0,,40,0,,,
10858,EMPRESA NACIONAL ENTEL S A ,ENTEL S.A.,,GIGAPLAN 99,0.70,0.50,0,5,,0.20,7168,,99,0.02,,,
12480,EMPRESA DE TELECOMUNICACIONES NUEVATEL PCS DE BOLIVIA S A  NUEVATEL PCS DE BOLIVIA S A ,NUEVATEL PCS,,PYME FACIL INTELIGENTE 50,1.30,1.30,1.30,10,,0.20,150,,50,0.029,,,
7390,EMPRESA NACIONAL ENTEL S A ,ENTEL S.A.,,XSMALL  CORPORATIVO EXACTO ,0.60,0.50,0,5,,0.20,0,,55,0.02,,,
12508,EMPRESA DE TELECOMUNICACIONES NUEVATEL PCS DE BOLIVIA S A  NUEVATEL PCS DE BOLIVIA S A ,NUEVATEL PCS,,PREPAGO LIBRE,1.45,0.95,0.70,0,,0.20,0,,0,0.029,,,
11795,EMPRESA DE TELECOMUNICACIONES NUEVATEL PCS DE BOLIVIA S A  NUEVATEL PCS DE BOLIVIA S A ,NUEVATEL PCS,,PLAN BASE 0   PARAMOUNT    ,0,0,0,0,,0,0,,29,0,,,
11217,EMPRESA DE TELECOMUNICACIONES NUEVATEL PCS DE BOLIVIA S A  NUEVATEL PCS DE BOLIVIA S A ,NUEVATEL PCS,,PREPAGO 300 PLUS,0.80,0.68,0.5,0,,0.2,0,,0,0.029,,,
13740,TELEFONICA CELULAR DE BOLIVIA S A  TELECEL S A ,TELECEL S.A.,,FACTURA FIJA 300,0.80,0.69,0.69,0,,0.20,0,,300,0.03,,,
12569,EMPRESA DE TELECOMUNICACIONES NUEVATEL PCS DE BOLIVIA S A  NUEVATEL PCS DE BOLIVIA S A ,NUEVATEL PCS,,A TU MEDIDA   PLAN M FACIL,1,1,1,0,,0.20,2000,,250,0.029,,,
12494,EMPRESA DE TELECOMUNICACIONES NUEVATEL PCS DE BOLIVIA S A  NUEVATEL PCS DE BOLIVIA S A ,NUEVATEL PCS,,PYME EXACTO 30,1.25,1.25,1.25,0,,0.20,0,,30,0.029,,,
12505,EMPRESA DE TELECOMUNICACIONES NUEVATEL PCS DE BOLIVIA S A  NUEVATEL PCS DE BOLIVIA S A ,NUEVATEL PCS,,PREPAGO SEGUNDO A SEGUNDO,1.70,0.72,0.56,0,,0.2,0,,0,0.029,,,
13733,TELEFONICA CELULAR DE BOLIVIA S A  TELECEL S A ,TELECEL S.A.,,TIGO GSM 650,0.80,0.80,0.80,0,,0.20,0,,650,0.03,,,
13693,EMPRESA NACIONAL ENTEL S A ,ENTEL S.A.,,WSLC  XS ,0,0,0,0,,0,0,,40,0,,,
12319,TELEFONICA CELULAR DE BOLIVIA S A  TELECEL S A ,TELECEL S.A.,,BOLSA MICRO EMPRESA 400 ,1.2,1.2,1.2,0,,0.2,0,,499,0.03,,,
12487,EMPRESA DE TELECOMUNICACIONES NUEVATEL PCS DE BOLIVIA S A  NUEVATEL PCS DE BOLIVIA S A ,NUEVATEL PCS,,PYME FACIL 200,0.80,0.80,0.80,0,,0.20,0,,200,0.029,,,
11289,TELEFONICA CELULAR DE BOLIVIA S A  TELECEL S A ,TELECEL S.A.,,SIN L  MITE 350,0.85,0.85,0.85,0,,0.20,6000,,350,0.03,,,
12517,EMPRESA DE TELECOMUNICACIONES NUEVATEL PCS DE BOLIVIA S A  NUEVATEL PCS DE BOLIVIA S A ,NUEVATEL PCS,,POSTPAGO FACIL 100,0.90,0.67,0.67,0,,0.20,0,,100,0.029,,,
11775,EMPRESA DE TELECOMUNICACIONES NUEVATEL PCS DE BOLIVIA S A  NUEVATEL PCS DE BOLIVIA S A ,NUEVATEL PCS,,CC FLEXIBLE 160   PARAMOUNT    ,"1,06","1,06","1,06",0,,020,0,,189,29,,,
12521,EMPRESA DE TELECOMUNICACIONES NUEVATEL PCS DE BOLIVIA S A  NUEVATEL PCS DE BOLIVIA S A ,NUEVATEL PCS,,MEGA INTELIGENTE 130,1.25,1.25,1.25,20,,0.20,1600,,130,0.029,,,
7395,EMPRESA NACIONAL ENTEL S A ,ENTEL S.A.,,SMALL  INSTITUCION PUBLICA ,0.80,0.66,0,5,,0.20,0,,70,0.02,,,
12982,TELEFONICA CELULAR DE BOLIVIA S A  TELECEL S A ,TELECEL S.A.,,EMPRESA 250 PLUS,0.65,0.65,0.65,0,,0.20,18000,,250,0.03,,,
12522,EMPRESA DE TELECOMUNICACIONES NUEVATEL PCS DE BOLIVIA S A  NUEVATEL PCS DE BOLIVIA S A ,NUEVATEL PCS,,LIBRE,1,1,1,0,,0,20000,,249,0.029,,,
9802,TELEFONICA CELULAR DE BOLIVIA S A  TELECEL S A ,TELECEL S.A.,,NEGOCIO PLUS 750,0.88,0.88,0.88,200,,0.20,20000,,750,0.03,,,
12979,TELEFONICA CELULAR DE BOLIVIA S A  TELECEL S A ,TELECEL S.A.,,EMPRESA 100 PLUS,0.75,0.75,0.75,0,,0.20,5000,,100,0.03,,,
13662,TELEFONICA CELULAR DE BOLIVIA S A  TELECEL S A ,TELECEL S.A.,,MEGA PLAN 395,0.80,0.80,0.80,ilimitado,,0.20,20000,,395,0.03,,,
12572,EMPRESA DE TELECOMUNICACIONES NUEVATEL PCS DE BOLIVIA S A  NUEVATEL PCS DE BOLIVIA S A ,NUEVATEL PCS,,A TU MEDIDA   PLAN L PLUS,1,1,1,0,,0.20,6000,,350,0.029,,,
11433,EMPRESA NACIONAL ENTEL S A ,ENTEL S.A.,,GIGAPLAN 500,0.60,0.50,-,5,,0.20,ILIMITADO,,500,0.02,,,
11437,EMPRESA NACIONAL ENTEL S A ,ENTEL S.A.,,GIGAPLAN 140,0.70,0.50,0,5,,0.20,12288,,140,0.02,,,
11786,EMPRESA DE TELECOMUNICACIONES NUEVATEL PCS DE BOLIVIA S A  NUEVATEL PCS DE BOLIVIA S A ,NUEVATEL PCS,,PLAN M   PARAMOUNT    ,1,1,1,0,,0.20,4000,,279,0.029,,,
13738,TELEFONICA CELULAR DE BOLIVIA S A  TELECEL S A ,TELECEL S.A.,,FACTURA FIJA 250,0.83,0.69,0.69,0,,0.20,0,,250,0.03,,,
12483,EMPRESA DE TELECOMUNICACIONES NUEVATEL PCS DE BOLIVIA S A  NUEVATEL PCS DE BOLIVIA S A ,NUEVATEL PCS,,PYME FACIL INTELIGENTE 100,1.15,1.15,1.15,20,,0.20,305,,100,0.029,,,
9874,TELEFONICA CELULAR DE BOLIVIA S A  TELECEL S A ,TELECEL S.A.,,FF SMS 100,1,1,1,150,,0.20,0,,100,0.03,,,
13659,TELEFONICA CELULAR DE BOLIVIA S A  TELECEL S A ,TELECEL S.A.,,MEGA PLAN 225,0.80,0.80,0.80,ILIMITADO,,0.20,13000,,225,0.03,,,
11525,TELEFONICA CELULAR DE BOLIVIA S A  TELECEL S A ,TELECEL S.A.,,ADICIONAL TIGO TOTAL,0.80,0.80,0.80,ILIMITADO,,0,ILIMITADO,,151,0,,,
11693,EMPRESA DE TELECOMUNICACIONES NUEVATEL PCS DE BOLIVIA S A  NUEVATEL PCS DE BOLIVIA S A ,NUEVATEL PCS,,PLAN S   PARAMOUNT    ,1,1,1,0,,0.20,2500,,179,0.029,,,
12519,EMPRESA DE TELECOMUNICACIONES NUEVATEL PCS DE BOLIVIA S A  NUEVATEL PCS DE BOLIVIA S A ,NUEVATEL PCS,,MEGA INTELIGENTE 80,1.30,1.30,1.30,10,,0.20,1100,,80,0.029,,,
12561,EMPRESA DE TELECOMUNICACIONES NUEVATEL PCS DE BOLIVIA S A  NUEVATEL PCS DE BOLIVIA S A ,NUEVATEL PCS,,A TU MEDIDA   PLAN XS PLUS,1,1,1,0,,0.20,1500,,100,0.029,,,
11780,EMPRESA DE TELECOMUNICACIONES NUEVATEL PCS DE BOLIVIA S A  NUEVATEL PCS DE BOLIVIA S A ,NUEVATEL PCS,,CC FLEXIBLE 280   PARAMOUNT    ,"1,00","1,00","1,00",0,,.20,0,,309,0.029,,,
11793,EMPRESA DE TELECOMUNICACIONES NUEVATEL PCS DE BOLIVIA S A  NUEVATEL PCS DE BOLIVIA S A ,NUEVATEL PCS,,PLAN XL PLUS   PARAMOUNT    ,1,1,1,0,,0.20,8500,,529,0.029,,,
12501,EMPRESA DE TELECOMUNICACIONES NUEVATEL PCS DE BOLIVIA S A  NUEVATEL PCS DE BOLIVIA S A ,NUEVATEL PCS,,BOLSA PYME EXACTA 700,0.90,0.90,0.90,0,,0.20,0,,700,0.029,,,
11776,EMPRESA DE TELECOMUNICACIONES NUEVATEL PCS DE BOLIVIA S A  NUEVATEL PCS DE BOLIVIA S A ,NUEVATEL PCS,,CC FLEXIBLE 180   PARAMOUNT    ,"1,04","1,04","1,04",0,,0.20,0,,209,0.029,,,
13742,TELEFONICA CELULAR DE BOLIVIA S A  TELECEL S A ,TELECEL S.A.,,FACTURA FIJA 480,1.20,0.79,0.79,0,,0.20,0,,480,0.03,,,
7412,EMPRESA NACIONAL ENTEL S A ,ENTEL S.A.,,RECARGA MAYORISTA,1.35,0.57,0.44,0,,0.20,0,,0,0,,,
12573,EMPRESA DE TELECOMUNICACIONES NUEVATEL PCS DE BOLIVIA S A  NUEVATEL PCS DE BOLIVIA S A ,NUEVATEL PCS,,A TU MEDIDA   PLAN L,1,1,1,0,,0.20,5000,,350,0.029,,,
11285,TELEFONICA CELULAR DE BOLIVIA S A  TELECEL S A ,TELECEL S.A.,,SIN L  MITE 100,0.85,0.85,0.85,0,,0.20,1000,,100,0.03,,,
7411,EMPRESA NACIONAL ENTEL S A ,ENTEL S.A.,,RECARGA AL PASO,1.21,0.55,0.41,0,,0.20,0,,0,0.02,,,
10913,EMPRESA NACIONAL ENTEL S A ,ENTEL S.A.,,SIMPLE ILIMITADO 50,0.80,0.54,0.40,0,,0.20,2048,,50,0.02,,,
12499,EMPRESA DE TELECOMUNICACIONES NUEVATEL PCS DE BOLIVIA S A  NUEVATEL PCS DE BOLIVIA S A ,NUEVATEL PCS,,BOLSA PYME EXACTA 300,1.10,1.10,1.10,0,,0.20,0,,300,0.029,,,
13160,TELEFONICA CELULAR DE BOLIVIA S A  TELECEL S A ,TELECEL S.A.,,FACTURA FIJA 30,0.85,0.69,0.69,0,,0.20,0,,30,0.03,,,
12507,EMPRESA DE TELECOMUNICACIONES NUEVATEL PCS DE BOLIVIA S A  NUEVATEL PCS DE BOLIVIA S A ,NUEVATEL PCS,,PREPAGO MULTIPLICADOR,1.59,1,0.79,0,,0.20,0,,0,0.029,,,
12717,EMPRESA DE TELECOMUNICACIONES NUEVATEL PCS DE BOLIVIA S A  NUEVATEL PCS DE BOLIVIA S A ,NUEVATEL PCS,,PREPLAN PLUS,1.59,1,0.79,0,,0.2,0,,0,0.029,,,
8220,EMPRESA DE TELECOMUNICACIONES NUEVATEL PCS DE BOLIVIA S A  NUEVATEL PCS DE BOLIVIA S A ,NUEVATEL PCS,,PYME EXACTO 300,0.80,0.80,0.80,0,,0.20,0,,300,0.029,,,
13695,EMPRESA NACIONAL ENTEL S A ,ENTEL S.A.,,WSLC  L ,0,0,0,0,,0,0,,35,0,,,
12533,EMPRESA DE TELECOMUNICACIONES NUEVATEL PCS DE BOLIVIA S A  NUEVATEL PCS DE BOLIVIA S A ,NUEVATEL PCS,,INTELIGENTE 1000,0.8,0.8,0.8,200,,0.20,15005,,1000,0.029,,,
13691,EMPRESA NACIONAL ENTEL S A ,ENTEL S.A.,,RPE  DE 201 A M  S LINEAS ,0,0,0,0,,0,0,,30,0,,,
12974,TELEFONICA CELULAR DE BOLIVIA S A  TELECEL S A ,TELECEL S.A.,,EMPRESA 250,0.65,0.65,0.65,0,,0.20,18000,,250,0.03,,,
9864,TELEFONICA CELULAR DE BOLIVIA S A  TELECEL S A ,TELECEL S.A.,,MINISMART FF 380,0.81,0.69,0.69,0,,0.20,600,,380,0.03,,,
12981,TELEFONICA CELULAR DE BOLIVIA S A  TELECEL S A ,TELECEL S.A.,,EMPRESA 200 PLUS,0.65,0.65,0.65,0,,0.20,15000,,200,0.03,,,
10909,EMPRESA NACIONAL ENTEL S A ,ENTEL S.A.,,SIMPLE ILIMITADO 30,0.80,0.54,0.40,0,,0.20,600,,30,0.02,,,
11429,EMPRESA NACIONAL ENTEL S A ,ENTEL S.A.,,GIGAPLAN 145,0.70,0.50,-,5,,0.20,16384,,145,0.02,,,
9788,TELEFONICA CELULAR DE BOLIVIA S A  TELECEL S A ,TELECEL S.A.,,ENTERPRISE ADVANCED 150,0.85,0.85,0.85,50,,0.20,1500,,150,0.03,,,
11698,EMPRESA DE TELECOMUNICACIONES NUEVATEL PCS DE BOLIVIA S A  NUEVATEL PCS DE BOLIVIA S A ,NUEVATEL PCS,,PLAN S PLUS   PARAMOUNT    ,1,1,1,0,,0.20,3000,,179,0.052,,,
7432,TELEFONICA CELULAR DE BOLIVIA S A  TELECEL S A ,TELECEL S.A.,,MEGA SMART FACIL 99,0.85,0.69,0.69,0,,0.20,500,,99,0.15,,,
11813,EMPRESA DE TELECOMUNICACIONES NUEVATEL PCS DE BOLIVIA S A  NUEVATEL PCS DE BOLIVIA S A ,NUEVATEL PCS,,INTELIGENTE 400   PARAMOUNT    ,0.8,0.8,0.8,180,,0.20,4000,,429,0.029,,,
9970,TELEFONICA CELULAR DE BOLIVIA S A  TELECEL S A ,TELECEL S.A.,,PAQUETIGO SMS,NA,NA,NA,8,,0.20,NA,,1.5,0.03,,,
8152,EMPRESA DE TELECOMUNICACIONES NUEVATEL PCS DE BOLIVIA S A  NUEVATEL PCS DE BOLIVIA S A ,NUEVATEL PCS,,A TU MEDIDA   PLAN XXL PLUS,1,1,1,0,,0.20,11000,,750,0.029,,,
11145,EMPRESA NACIONAL ENTEL S A ,ENTEL S.A.,,PREPAGO,1.20,0.54,0.4,0,,0.20,0,,0,0.02,,,
7398,EMPRESA NACIONAL ENTEL S A ,ENTEL S.A.,,XLARGE  INSTITUCION PUBLICA ,0.80,0.60,0,5,,0.20,0,,50,0.02,,,
12534,EMPRESA DE TELECOMUNICACIONES NUEVATEL PCS DE BOLIVIA S A  NUEVATEL PCS DE BOLIVIA S A ,NUEVATEL PCS,,INTELIGENTE 100,1.15,1.15,1.15,20,,0.20,305,,100,0.029,,,
7459,TELEFONICA CELULAR DE BOLIVIA S A  TELECEL S A ,TELECEL S.A.,,FACTURA FIJA MINICABINA 100,0.80,0.80,0.80,0,,0.20,0,,100,0.03,,,
9792,TELEFONICA CELULAR DE BOLIVIA S A  TELECEL S A ,TELECEL S.A.,,NEGOCIO 225,0.85,0.85,0.85,200,,0.20,10000,,225,0.03,,,
7396,EMPRESA NACIONAL ENTEL S A ,ENTEL S.A.,,MEDIUM  INSTITUCION PUBLICA ,0.80,0.66,0,5,,0.20,0,,65,0.02,,,
11288,TELEFONICA CELULAR DE BOLIVIA S A  TELECEL S A ,TELECEL S.A.,,SIN L  MITE 250,0.85,0.85,0.85,0,,0.20,5000,,250,0.03,,,
7400,EMPRESA NACIONAL ENTEL S A ,ENTEL S.A.,,XXSMALL  SIMPLE ,1.20,0.66,0,0,,0.20,0,,30,0.02,,,
11254,TELEFONICA CELULAR DE BOLIVIA S A  TELECEL S A ,TELECEL S.A.,,MEGA PLAN 330,0.80,0.80,0.80,ILIMITADO,,0.20,25000,,330,0.03,,,
11633,EMPRESA DE TELECOMUNICACIONES NUEVATEL PCS DE BOLIVIA S A  NUEVATEL PCS DE BOLIVIA S A ,NUEVATEL PCS,,WOW PLUS ,1,1,1,1000,,0.20,ilimitados,,169,0,,,
12983,TELEFONICA CELULAR DE BOLIVIA S A  TELECEL S A ,TELECEL S.A.,,EMPRESA 350 PLUS,0.65,0.65,0.65,0,,0.20,25000,,350,0.03,,,
9971,TELEFONICA CELULAR DE BOLIVIA S A  TELECEL S A ,TELECEL S.A.,,PAQUETIGO SMS ,NA,NA,NA,20,,0.20,NA,,3.9,0.03,,,
12515,EMPRESA DE TELECOMUNICACIONES NUEVATEL PCS DE BOLIVIA S A  NUEVATEL PCS DE BOLIVIA S A ,NUEVATEL PCS,,POSTPAGO FACIL 190,0.86,0.67,0.67,0,,0.20,0,,190,0.029,,,
12492,EMPRESA DE TELECOMUNICACIONES NUEVATEL PCS DE BOLIVIA S A  NUEVATEL PCS DE BOLIVIA S A ,NUEVATEL PCS,,PYME EXACTO 50,1.15,1.15,1.15,0,,0.20,0,,50,0.029,,,
11634,EMPRESA DE TELECOMUNICACIONES NUEVATEL PCS DE BOLIVIA S A  NUEVATEL PCS DE BOLIVIA S A ,NUEVATEL PCS,,WOW PREMIUM,1,1,1,1000,,0.20,ilimitados,,199,0,,,
13173,TELEFONICA CELULAR DE BOLIVIA S A  TELECEL S A ,TELECEL S.A.,,FACTURA FIJA 750,0.80,0.69,0.69,0,,0.20,0,,750,0.03,,,
11814,EMPRESA DE TELECOMUNICACIONES NUEVATEL PCS DE BOLIVIA S A  NUEVATEL PCS DE BOLIVIA S A ,NUEVATEL PCS,,INTELIGENTE 500   PARAMOUNT    ,0.8,0.8,0.8,200,,0.20,6000,,529,0.029,,,
11291,TELEFONICA CELULAR DE BOLIVIA S A  TELECEL S A ,TELECEL S.A.,,SIN L  MITE 735,0.85,0.85,0.85,0,,0.20,ILIMITADO,,735,0.03,,,
11826,EMPRESA DE TELECOMUNICACIONES NUEVATEL PCS DE BOLIVIA S A  NUEVATEL PCS DE BOLIVIA S A ,NUEVATEL PCS,,CC 260   PARAMOUNT    ,0.80,0.67,0.67,0,,0.20,0,,289,0.029,,,
12531,EMPRESA DE TELECOMUNICACIONES NUEVATEL PCS DE BOLIVIA S A  NUEVATEL PCS DE BOLIVIA S A ,NUEVATEL PCS,,PYME FACIL INTELIGENTE 200,0.86,0.86,0.86,40,,0.20,1200,,200,0.029,,,
9801,TELEFONICA CELULAR DE BOLIVIA S A  TELECEL S A ,TELECEL S.A.,,NEGOCIO PLUS 525,0.88,0.88,0.88,200,,0.20,12000,,525,0.03,,,
12475,EMPRESA DE TELECOMUNICACIONES NUEVATEL PCS DE BOLIVIA S A  NUEVATEL PCS DE BOLIVIA S A ,NUEVATEL PCS,,WOW B  SICO,1,1,1,1000,,0.20,10000,,99,0.029,,,
11809,EMPRESA DE TELECOMUNICACIONES NUEVATEL PCS DE BOLIVIA S A  NUEVATEL PCS DE BOLIVIA S A ,NUEVATEL PCS,,INTELIGENTE 100   PARAMOUNT    ,1.15,1.15,1.15,20,,0.20,305,,129,0.029,,,
13730,TELEFONICA CELULAR DE BOLIVIA S A  TELECEL S A ,TELECEL S.A.,,TIGO GSM 260,0.85,0.85,0.85,0,,0.20,0,,260,0.03,,,
9832,TELEFONICA CELULAR DE BOLIVIA S A  TELECEL S A ,TELECEL S.A.,,PAQUETIGO MINUTOS NACIONALES 1,2.50,2.50,2.50,0,,0.20,0,,2.5,0.15,,,
7408,EMPRESA NACIONAL ENTEL S A ,ENTEL S.A.,,XXLARGE  SIMPLE ,0.80,0.66,0,0,,0.20,0,,750,0.02,,,
13741,TELEFONICA CELULAR DE BOLIVIA S A  TELECEL S A ,TELECEL S.A.,,FACTURA FIJA 400,0.80,0.69,0.69,0,,0.20,0,,400,0.03,,,
