ID_TARIFA,RAZON_SOCIAL,NOMBRE_COMERCIAL,DESCRIPCION,COSTO_INSTALACION,TIPO_PAGO,VIGENCIA_BOLSA,UNIDAD_VIGENCIA_BOLSA,NOMBRE_TARIFA_PLAN,MB_DISPONIBLES,PRECIO_MENSUAL,MINUTOS_COMBOS,DENOMINACION_TECNOLOGIA
668,TELEFONICA CELULAR DE BOLIVIA S A  TELECEL S A ,TELECEL S.A.,,,POSTPAGO,,,SMART MIXTO 25,200,25,,INTERNET MOVIL
669,TELEFONICA CELULAR DE BOLIVIA S A  TELECEL S A ,TELECEL S.A.,,,POSTPAGO,,,SMART MIXTO 109,2000,109,,INTERNET MOVIL
670,TELEFONICA CELULAR DE BOLIVIA S A  TELECEL S A ,TELECEL S.A.,,,POSTPAGO,,,BB TIGO FULL,3000,239,,INTERNET MOVIL
671,TELEFONICA CELULAR DE BOLIVIA S A  TELECEL S A ,TELECEL S.A.,,,POSTPAGO,,,BB TIGO MAXIMO,10000,289,,INTERNET MOVIL
672,TELEFONICA CELULAR DE BOLIVIA S A  TELECEL S A ,TELECEL S.A.,,,POSTPAGO,,,EXTRA MEGAS GO SMART,500,39,,INTERNET MOVIL
673,TELEFONICA CELULAR DE BOLIVIA S A  TELECEL S A ,TELECEL S.A.,,,POSTPAGO,,,CORTO 7070,400,35,,INTERNET MOVIL
674,TELEFONICA CELULAR DE BOLIVIA S A  TELECEL S A ,TELECEL S.A.,,,POSTPAGO,,,EXTRA 150 MB,150,25,,INTERNET MOVIL
675,TELEFONICA CELULAR DE BOLIVIA S A  TELECEL S A ,TELECEL S.A.,,,POSTPAGO,,,EXTRA 300 MB,300,40,,INTERNET MOVIL
676,TELEFONICA CELULAR DE BOLIVIA S A  TELECEL S A ,TELECEL S.A.,,,POSTPAGO,,,EXTRA 500 MB,500,60,,INTERNET MOVIL
677,TELEFONICA CELULAR DE BOLIVIA S A  TELECEL S A ,TELECEL S.A.,,,POSTPAGO,,,EXTRA 1000 MB,1000,90,,INTERNET MOVIL
678,TELEFONICA CELULAR DE BOLIVIA S A  TELECEL S A ,TELECEL S.A.,,,POSTPAGO,,,IM FF 2500   3 5G,2500,99,,INTERNET MOVIL
679,TELEFONICA CELULAR DE BOLIVIA S A  TELECEL S A ,TELECEL S.A.,,,POSTPAGO,,,IM FF 3500   3 5G,3500,149,,INTERNET MOVIL
680,TELEFONICA CELULAR DE BOLIVIA S A  TELECEL S A ,TELECEL S.A.,,,POSTPAGO,,,IM FF 5200   4G,5200,199,,INTERNET MOVIL
681,TELEFONICA CELULAR DE BOLIVIA S A  TELECEL S A ,TELECEL S.A.,,,POSTPAGO,,,IM FF 7500   4G,7500,289,,INTERNET MOVIL
682,TELEFONICA CELULAR DE BOLIVIA S A  TELECEL S A ,TELECEL S.A.,,,POSTPAGO,,,IM FF 2500   EXTRA 3000MB,5500,218,,INTERNET MOVIL
683,TELEFONICA CELULAR DE BOLIVIA S A  TELECEL S A ,TELECEL S.A.,,,POSTPAGO,,,IM FF 3500   EXTRA 3000MB,6500,268,,INTERNET MOVIL
684,TELEFONICA CELULAR DE BOLIVIA S A  TELECEL S A ,TELECEL S.A.,,,POSTPAGO,,,IM FF 5200   EXTRA 3000MB,8200,318,,INTERNET MOVIL
685,TELEFONICA CELULAR DE BOLIVIA S A  TELECEL S A ,TELECEL S.A.,,,POSTPAGO,,,IM FF 7500   EXTRA 3000MB,9500,408,,INTERNET MOVIL
686,TELEFONICA CELULAR DE BOLIVIA S A  TELECEL S A ,TELECEL S.A.,,,POSTPAGO,,,IM FF 2500   EXTRA 1800MB,4300,179,,INTERNET MOVIL
687,TELEFONICA CELULAR DE BOLIVIA S A  TELECEL S A ,TELECEL S.A.,,,POSTPAGO,,,IM FF 3500   EXTRA 1800MB,5300,229,,INTERNET MOVIL
688,TELEFONICA CELULAR DE BOLIVIA S A  TELECEL S A ,TELECEL S.A.,,,POSTPAGO,,,IM FF 5200   EXTRA 1800MB,7000,279,,INTERNET MOVIL
689,TELEFONICA CELULAR DE BOLIVIA S A  TELECEL S A ,TELECEL S.A.,,,POSTPAGO,,,IM FF 7500   EXTRA 1800MB,9300,369,,INTERNET MOVIL
667,TELEFONICA CELULAR DE BOLIVIA S A  TELECEL S A ,TELECEL S.A.,,,POSTPAGO,,,SMART MIXTO 10,70,10,,INTERNET MOVIL
1216,TELEFONICA CELULAR DE BOLIVIA S A  TELECEL S A ,TELECEL S.A.,,,PREPAGO,30,dias,DATOS PRE 550 MB,550,75,0,PAQUETES
1209,TELEFONICA CELULAR DE BOLIVIA S A  TELECEL S A ,TELECEL S.A.,,,PREPAGO,7,dias,PAQUETE SEMANA,5050,100,0,PAQUETES
1210,TELEFONICA CELULAR DE BOLIVIA S A  TELECEL S A ,TELECEL S.A.,,,PREPAGO,30,dias,PAQUETE MES,20050,350,0,PAQUETES
1212,TELEFONICA CELULAR DE BOLIVIA S A  TELECEL S A ,TELECEL S.A.,,,PREPAGO,30,dias,INTERNET TIGO MES B  SICO,4000,200,0,PAQUETES
1213,TELEFONICA CELULAR DE BOLIVIA S A  TELECEL S A ,TELECEL S.A.,,,PREPAGO,30,dias,INTERNET TIGO MES SUPERIOR,10000,300,0,PAQUETES
1214,TELEFONICA CELULAR DE BOLIVIA S A  TELECEL S A ,TELECEL S.A.,,,PREPAGO,30,dias,DATOS PRE 75 MB,75,25,0,PAQUETES
1215,TELEFONICA CELULAR DE BOLIVIA S A  TELECEL S A ,TELECEL S.A.,,,PREPAGO,30,dias,DATOS PRE 250 MB,250,75,0,PAQUETES
1217,TELEFONICA CELULAR DE BOLIVIA S A  TELECEL S A ,TELECEL S.A.,,,PREPAGO,30,dias,DATOS PRE 1050 MB,1050,100,0,PAQUETES
1225,TELEFONICA CELULAR DE BOLIVIA S A  TELECEL S A ,TELECEL S.A.,,,PREPAGO,60,minutos,PAQUETIGO HORA,520,7,0,PAQUETES
1226,TELEFONICA CELULAR DE BOLIVIA S A  TELECEL S A ,TELECEL S.A.,,,PREPAGO,30,dÃ­as,PAQUETIGO MENSUAL,6200,180,0,PAQUETES
1242,TELEFONICA CELULAR DE BOLIVIA S A  TELECEL S A ,TELECEL S.A.,,,PREPAGO,72,horas,PAQUETIGO 1700 X 3 DIAS,1700,21,0,PAQUETES
1227,TELEFONICA CELULAR DE BOLIVIA S A  TELECEL S A ,TELECEL S.A.,,,PREPAGO,72,horas,PAQUETIGO 500 X 3 DIAS,500,6.5,0,PAQUETES
1235,TELEFONICA CELULAR DE BOLIVIA S A  TELECEL S A ,TELECEL S.A.,,,PREPAGO,0,-,PAQUETIGO TODO EN UNO  CORTO 321 ,1100,36,0,PAQUETES
1243,TELEFONICA CELULAR DE BOLIVIA S A  TELECEL S A ,TELECEL S.A.,,,PREPAGO,1,horas,HORA,520,7,0,PAQUETES
1244,TELEFONICA CELULAR DE BOLIVIA S A  TELECEL S A ,TELECEL S.A.,,,PREPAGO,24,horas,DIA,1050,20,0,PAQUETES
1245,TELEFONICA CELULAR DE BOLIVIA S A  TELECEL S A ,TELECEL S.A.,,,PREPAGO,7,dÃ­as,SEMANA,5050,100,0,PAQUETES
1246,TELEFONICA CELULAR DE BOLIVIA S A  TELECEL S A ,TELECEL S.A.,,,PREPAGO,30,dÃ­as,MES,20050,350,0,PAQUETES
1248,TELEFONICA CELULAR DE BOLIVIA S A  TELECEL S A ,TELECEL S.A.,,,PREPAGO,30,dÃ­as,MES BASICO,4000,200,0,PAQUETES
1250,TELEFONICA CELULAR DE BOLIVIA S A  TELECEL S A ,TELECEL S.A.,,,PREPAGO,30,dÃ­as,MES AVANZADO,10000,300,0,PAQUETES
1251,TELEFONICA CELULAR DE BOLIVIA S A  TELECEL S A ,TELECEL S.A.,,,PREPAGO,0,MB: Hasta Hrs.5:59 am del dÃ­a siguiente a la compra Minutos: Hasta Hrs. 23:59 del mismo dÃ­a de la compra,PAQUETIGO DUO,110,5,0,PAQUETES
1253,TELEFONICA CELULAR DE BOLIVIA S A  TELECEL S A ,TELECEL S.A.,,,PREPAGO,30,dÃ­as,ADD ON 1FAVORITO  85 MIN 1000 MB,1000,5,0,PAQUETES
1255,TELEFONICA CELULAR DE BOLIVIA S A  TELECEL S A ,TELECEL S.A.,,,PREPAGO,0,-,ADD ON MAS MEGAS BS  10XMB 330,330,10,0,PAQUETES
1256,TELEFONICA CELULAR DE BOLIVIA S A  TELECEL S A ,TELECEL S.A.,,,PREPAGO,0,-,ADD ON MAS MEGAS BS  15XMB 550,550,15,0,PAQUETES
1208,TELEFONICA CELULAR DE BOLIVIA S A  TELECEL S A ,TELECEL S.A.,,,PREPAGO,24,horas,PAQUETE D  A,1050,20,0,PAQUETES
1268,TELEFONICA CELULAR DE BOLIVIA S A  TELECEL S A ,TELECEL S.A.,,,POSTPAGO,60,dias,VPN MOVIL   DATAMIX POS,500,25,0,PAQUETES
1269,TELEFONICA CELULAR DE BOLIVIA S A  TELECEL S A ,TELECEL S.A.,,,POSTPAGO,60,dias,VPN MOVIL   DATAMIX POS MAXIMO,1000,40,0,PAQUETES
1270,TELEFONICA CELULAR DE BOLIVIA S A  TELECEL S A ,TELECEL S.A.,,,POSTPAGO,60,dias,VPN MOVIL   DATAMIX CPE,10000,200,0,PAQUETES
1271,TELEFONICA CELULAR DE BOLIVIA S A  TELECEL S A ,TELECEL S.A.,,,POSTPAGO,60,dias,VPN MOVIL   DATAMIX CPE MAXIMO,50000,500,0,PAQUETES
1272,TELEFONICA CELULAR DE BOLIVIA S A  TELECEL S A ,TELECEL S.A.,,,POSTPAGO,60,dias,DATAMIX 3000 MB,3000,80,0,PAQUETES
1273,TELEFONICA CELULAR DE BOLIVIA S A  TELECEL S A ,TELECEL S.A.,,,POSTPAGO,60,dias,PLAN TIGO M2M INICIAL,450,45,0,PAQUETES
1274,TELEFONICA CELULAR DE BOLIVIA S A  TELECEL S A ,TELECEL S.A.,,,POSTPAGO,60,dias,PLAN   TIGO M2M B  SICO,388,35,0,PAQUETES
1276,TELEFONICA CELULAR DE BOLIVIA S A  TELECEL S A ,TELECEL S.A.,,,POSTPAGO,60,dias,PLAN   TIGO M2M SUPERIOR,214,15,0,PAQUETES
1277,TELEFONICA CELULAR DE BOLIVIA S A  TELECEL S A ,TELECEL S.A.,,,POSTPAGO,60,dias,PLAN   TIGO M2M AVANZADO,100,7,0,PAQUETES
1280,TELEFONICA CELULAR DE BOLIVIA S A  TELECEL S A ,TELECEL S.A.,,,POSTPAGO,0,-,BOLSA DE MB NEGOCIO,1,0.0096,0,PAQUETES
1281,TELEFONICA CELULAR DE BOLIVIA S A  TELECEL S A ,TELECEL S.A.,,,POSTPAGO,0,-,BOLSA DE MB EMPRESA,1,0.0092,0,PAQUETES
1282,TELEFONICA CELULAR DE BOLIVIA S A  TELECEL S A ,TELECEL S.A.,,,POSTPAGO,0,-,BOLSA DE MB CORPORACIONES,1,0.0084,0,PAQUETES
690,TELEFONICA CELULAR DE BOLIVIA S A  TELECEL S A ,TELECEL S.A.,,,POSTPAGO,,,INTERNET S PREMIUM,0,290,,INTERNET MOVIL
1223,TELEFONICA CELULAR DE BOLIVIA S A  TELECEL S A ,TELECEL S.A.,,,PREPAGO,1,Hasta las 05:59 am del dÃ­a posterior a la compra,PAQUETIGO DIA,500,10,0,PAQUETES
7092,TELEFONICA CELULAR DE BOLIVIA S A  TELECEL S A ,TELECEL S.A.,,,POSTPAGO,,,LTE 120,0,120,,INTERNET MOVIL
2793,EMPRESA NACIONAL ENTEL S A ,ENTEL S.A.,,,POSTPAGO,1,MES,PAQUETE 4G   198,22.528,198,0,PAQUETES
2796,EMPRESA NACIONAL ENTEL S A ,ENTEL S.A.,,,POSTPAGO,1,MES,PAQUETE 4G   20,1.536,20,0,PAQUETES
2798,EMPRESA NACIONAL ENTEL S A ,ENTEL S.A.,,,POSTPAGO,1,MES,PAQUETE 4G   288,40960,288,0,PAQUETES
2805,EMPRESA NACIONAL ENTEL S A ,ENTEL S.A.,,,POSTPAGO,1,MES,PAQUETE 4G   50,5120,50,0,PAQUETES
2789,EMPRESA NACIONAL ENTEL S A ,ENTEL S.A.,,,PREPAGO,24,HORA,PAQUETE 4G   15,2560,15,0,PAQUETES
2790,EMPRESA NACIONAL ENTEL S A ,ENTEL S.A.,,,POSTPAGO,24,HORA,PAQUETE 4G   2,250,2,0,PAQUETES
2795,EMPRESA NACIONAL ENTEL S A ,ENTEL S.A.,,,PREPAGO,24,HORA,PAQUETE 4G   2,200,2,0,PAQUETES
2801,EMPRESA NACIONAL ENTEL S A ,ENTEL S.A.,,,POSTPAGO,24,HORA,PAQUETE 4G   3,400,3,0,PAQUETES
2802,EMPRESA NACIONAL ENTEL S A ,ENTEL S.A.,,,PREPAGO,24,HORA,PAQUETE 4G   3,350,3,0,PAQUETES
2803,EMPRESA NACIONAL ENTEL S A ,ENTEL S.A.,,,POSTPAGO,24,HORA,PAQUETE 4G   4,600,4,0,PAQUETES
2804,EMPRESA NACIONAL ENTEL S A ,ENTEL S.A.,,,PREPAGO,24,HORA,PAQUETE 4G   4,500,4,0,PAQUETES
2792,EMPRESA NACIONAL ENTEL S A ,ENTEL S.A.,,,PREPAGO,30,DIA,PAQUETE 4G   140,15360,140,0,PAQUETES
2794,EMPRESA NACIONAL ENTEL S A ,ENTEL S.A.,,,PREPAGO,30,DIA,PAQUETE 4G   198,22.528,198,0,PAQUETES
2797,EMPRESA NACIONAL ENTEL S A ,ENTEL S.A.,,,PREPAGO,30,DIA,PAQUETE 4G   20,1.536,20,0,PAQUETES
2799,EMPRESA NACIONAL ENTEL S A ,ENTEL S.A.,,,PREPAGO,30,DIA,PAQUETE 4G   288,40960,288,0,PAQUETES
2791,EMPRESA NACIONAL ENTEL S A ,ENTEL S.A.,,,POSTPAGO,1,MES,PAQUETE 4G   140,15360,140,0,PAQUETES
2811,EMPRESA NACIONAL ENTEL S A ,ENTEL S.A.,,,POSTPAGO,1,MES,PAQUETE 4G POST  98,10240,98,0,PAQUETES
2809,EMPRESA NACIONAL ENTEL S A ,ENTEL S.A.,,,POSTPAGO,1,MES,PAQUETE 4G POST 15,1024,15,0,PAQUETES
2808,EMPRESA NACIONAL ENTEL S A ,ENTEL S.A.,,,PREPAGO,24,HORA,PAQUETE 4G   7,1024,7,0,PAQUETES
2806,EMPRESA NACIONAL ENTEL S A ,ENTEL S.A.,,,PREPAGO,30,DIA,PAQUETE 4G   50,5120,50,0,PAQUETES
2810,EMPRESA NACIONAL ENTEL S A ,ENTEL S.A.,,,PREPAGO,30,DIA,PAQUETE 4G POST 15,1024,15,0,PAQUETES
2897,EMPRESA NACIONAL ENTEL S A ,ENTEL S.A.,,,POSTPAGO,,,4G POST   288,40960,288,,INTERNET MOVIL
2900,EMPRESA NACIONAL ENTEL S A ,ENTEL S.A.,,,POSTPAGO,5,DIA,HABLADOR 10,100,10,12,COMBOS
2901,EMPRESA NACIONAL ENTEL S A ,ENTEL S.A.,,,PREPAGO,5,DIA,HABLADOR 10,100,10,12,COMBOS
2908,EMPRESA NACIONAL ENTEL S A ,ENTEL S.A.,,,POSTPAGO,30,DIA,HABLADOR 100,1000,100,130,COMBOS
2909,EMPRESA NACIONAL ENTEL S A ,ENTEL S.A.,,,PREPAGO,30,DIA,HABLADOR 100,1000,100,130,COMBOS
2902,EMPRESA NACIONAL ENTEL S A ,ENTEL S.A.,,,POSTPAGO,10,DIA,HABLADOR 15,200,15,18,COMBOS
2903,EMPRESA NACIONAL ENTEL S A ,ENTEL S.A.,,,PREPAGO,10,DIA,HABLADOR 15,200,15,18,COMBOS
2904,EMPRESA NACIONAL ENTEL S A ,ENTEL S.A.,,,POSTPAGO,15,DIA,HABLADOR 30,300,30,38,COMBOS
2905,EMPRESA NACIONAL ENTEL S A ,ENTEL S.A.,,,PREPAGO,15,DIA,HABLADOR 30,300,30,38,COMBOS
2906,EMPRESA NACIONAL ENTEL S A ,ENTEL S.A.,,,POSTPAGO,20,DIA,HABLADOR 50,500,50,65,COMBOS
2907,EMPRESA NACIONAL ENTEL S A ,ENTEL S.A.,,,PREPAGO,20,DIA,HABLADOR 50,500,50,65,COMBOS
2910,EMPRESA NACIONAL ENTEL S A ,ENTEL S.A.,,,POSTPAGO,5,DIA,NAVEGADOR 10,1024,10,2,COMBOS
2911,EMPRESA NACIONAL ENTEL S A ,ENTEL S.A.,,,PREPAGO,5,DIA,NAVEGADOR 10,1024,10,2,COMBOS
2918,EMPRESA NACIONAL ENTEL S A ,ENTEL S.A.,,,POSTPAGO,30,DIA,NAVEGADOR 100,13312,100,15,COMBOS
2919,EMPRESA NACIONAL ENTEL S A ,ENTEL S.A.,,,PREPAGO,30,DIA,NAVEGADOR 100,13312,100,15,COMBOS
2913,EMPRESA NACIONAL ENTEL S A ,ENTEL S.A.,,,PREPAGO,10,DIA,NAVEGADOR 15,1536,15,4,COMBOS
2915,EMPRESA NACIONAL ENTEL S A ,ENTEL S.A.,,,PREPAGO,15,DIA,NAVEGADOR 30,3072,30,8,COMBOS
2916,EMPRESA NACIONAL ENTEL S A ,ENTEL S.A.,,,POSTPAGO,20,DIA,NAVEGADOR 50,6144,50,10,COMBOS
2917,EMPRESA NACIONAL ENTEL S A ,ENTEL S.A.,,,PREPAGO,20,DIA,NAVEGADOR 50,6144,50,10,COMBOS
11060,EMPRESA NACIONAL ENTEL S A ,ENTEL S.A.,,,POSTPAGO,,,4G POST   140,15360,140,,INTERNET MOVIL
3111,TELEFONICA CELULAR DE BOLIVIA S A  TELECEL S A ,TELECEL S.A.,,,POSTPAGO,,,ADD ON M  S MEGAS 40 PLUS,5200,40,,INTERNET MOVIL
3113,TELEFONICA CELULAR DE BOLIVIA S A  TELECEL S A ,TELECEL S.A.,,,POSTPAGO,,,ADD ON M  S MEGAS 75 PLUS,14500,75,,INTERNET MOVIL
3110,TELEFONICA CELULAR DE BOLIVIA S A  TELECEL S A ,TELECEL S.A.,,,POSTPAGO,,,ADD ON M  S MEGAS 20 PLUS,2500,20,,INTERNET MOVIL
3116,TELEFONICA CELULAR DE BOLIVIA S A  TELECEL S A ,TELECEL S.A.,,,POSTPAGO,,,ADD ON M  S MEGAS 220 PLUS,52000,220,,INTERNET MOVIL
3118,TELEFONICA CELULAR DE BOLIVIA S A  TELECEL S A ,TELECEL S.A.,,,POSTPAGO,,,ADD ON M  S MEGAS 350 PLUS,87000,350,,INTERNET MOVIL
3119,TELEFONICA CELULAR DE BOLIVIA S A  TELECEL S A ,TELECEL S.A.,,,POSTPAGO,,,ADD ON M  S MEGAS 500 PLUS,125000,500,,INTERNET MOVIL
3114,TELEFONICA CELULAR DE BOLIVIA S A  TELECEL S A ,TELECEL S.A.,,,POSTPAGO,,,ADD ON M  S MEGAS 105 PLUS,20500,105,,INTERNET MOVIL
11072,EMPRESA NACIONAL ENTEL S A ,ENTEL S.A.,,,POSTPAGO,,,4G POST   20,2048,20,,INTERNET MOVIL
11075,EMPRESA NACIONAL ENTEL S A ,ENTEL S.A.,,,POSTPAGO,,,PAQUETE CORP   140,30720,140,,INTERNET MOVIL
7112,TELEFONICA CELULAR DE BOLIVIA S A  TELECEL S A ,TELECEL S.A.,,,POSTPAGO,,,LTE 280,0,280,,INTERNET MOVIL
7114,TELEFONICA CELULAR DE BOLIVIA S A  TELECEL S A ,TELECEL S.A.,,,POSTPAGO,,,LTE300,0,300,,INTERNET MOVIL
11070,EMPRESA NACIONAL ENTEL S A ,ENTEL S.A.,,,POSTPAGO,,,PAQUETE CORP   400,102400,400,,INTERNET MOVIL
7125,TELEFONICA CELULAR DE BOLIVIA S A  TELECEL S A ,TELECEL S.A.,,,POSTPAGO,,,LTE TIGO BUSINESS 1 000,20000,1000,,INTERNET MOVIL
7121,TELEFONICA CELULAR DE BOLIVIA S A  TELECEL S A ,TELECEL S.A.,,,PREPAGO,,,MIFI LTE PREPAGO,0,0,,INTERNET MOVIL
7126,TELEFONICA CELULAR DE BOLIVIA S A  TELECEL S A ,TELECEL S.A.,,,POSTPAGO,,,LTE TIGO BUSINESS 1 450,30000,1450,,INTERNET MOVIL
7127,TELEFONICA CELULAR DE BOLIVIA S A  TELECEL S A ,TELECEL S.A.,,,POSTPAGO,,,LTE TIGO BUSINESS 2 100,50000,2100,,INTERNET MOVIL
6656,EMPRESA DE TELECOMUNICACIONES NUEVATEL PCS DE BOLIVIA S A  NUEVATEL PCS DE BOLIVIA S A ,NUEVATEL PCS,,,PREPAGO,1,MES,ADD ON CREDITO SUPER WOW,0,69,0,COMBOS
3705,TELEFONICA CELULAR DE BOLIVIA S A  TELECEL S A ,TELECEL S.A.,,,PREPAGO,72,HORA,PAQUETIGO 200,200,2.9,0,PAQUETES
3714,TELEFONICA CELULAR DE BOLIVIA S A  TELECEL S A ,TELECEL S.A.,,,POSTPAGO,72,HORA,VOLVETE TIGO,500,10,0,COMBOS
3736,TELEFONICA CELULAR DE BOLIVIA S A  TELECEL S A ,TELECEL S.A.,,,PREPAGO,72,HORA,PAQUETIGO 300,300,4.3,0,PAQUETES
6657,EMPRESA DE TELECOMUNICACIONES NUEVATEL PCS DE BOLIVIA S A  NUEVATEL PCS DE BOLIVIA S A ,NUEVATEL PCS,,,PREPAGO,1,MES,ADD ON CREDITO ULTRA WOW,0,99,0,COMBOS
6658,EMPRESA DE TELECOMUNICACIONES NUEVATEL PCS DE BOLIVIA S A  NUEVATEL PCS DE BOLIVIA S A ,NUEVATEL PCS,,,PREPAGO,1,MES,ADD ON CREDITO WOW,0,29,0,COMBOS
6660,EMPRESA DE TELECOMUNICACIONES NUEVATEL PCS DE BOLIVIA S A  NUEVATEL PCS DE BOLIVIA S A ,NUEVATEL PCS,,,POSTPAGO,1,MES,ADD ON DATOS M,4000,79,0,PAQUETES
6659,EMPRESA DE TELECOMUNICACIONES NUEVATEL PCS DE BOLIVIA S A  NUEVATEL PCS DE BOLIVIA S A ,NUEVATEL PCS,,,POSTPAGO,1,MES,ADD ON DATOS L,7000,110,0,PAQUETES
6661,EMPRESA DE TELECOMUNICACIONES NUEVATEL PCS DE BOLIVIA S A  NUEVATEL PCS DE BOLIVIA S A ,NUEVATEL PCS,,,POSTPAGO,1,MES,ADD ON DATOS S,1000,30,0,PAQUETES
6662,EMPRESA DE TELECOMUNICACIONES NUEVATEL PCS DE BOLIVIA S A  NUEVATEL PCS DE BOLIVIA S A ,NUEVATEL PCS,,,POSTPAGO,1,MES,ADD ON DATOS XL,13500,210,0,PAQUETES
6663,EMPRESA DE TELECOMUNICACIONES NUEVATEL PCS DE BOLIVIA S A  NUEVATEL PCS DE BOLIVIA S A ,NUEVATEL PCS,,,POSTPAGO,1,MES,ADD ON DATOS XS,200,7,0,PAQUETES
6664,EMPRESA DE TELECOMUNICACIONES NUEVATEL PCS DE BOLIVIA S A  NUEVATEL PCS DE BOLIVIA S A ,NUEVATEL PCS,,,POSTPAGO,1,MES,ADD ON DATOS XXL,23000,350,0,PAQUETES
6665,EMPRESA DE TELECOMUNICACIONES NUEVATEL PCS DE BOLIVIA S A  NUEVATEL PCS DE BOLIVIA S A ,NUEVATEL PCS,,,POSTPAGO,1,MES,ADD ON MINUTOS L,0,160,220,VOZ
6666,EMPRESA DE TELECOMUNICACIONES NUEVATEL PCS DE BOLIVIA S A  NUEVATEL PCS DE BOLIVIA S A ,NUEVATEL PCS,,,POSTPAGO,1,MES,ADD ON MINUTOS M,0,85,110,VOZ
6667,EMPRESA DE TELECOMUNICACIONES NUEVATEL PCS DE BOLIVIA S A  NUEVATEL PCS DE BOLIVIA S A ,NUEVATEL PCS,,,POSTPAGO,1,MES,ADD ON MINUTOS S,0,45,55,VOZ
7026,TELEFONICA CELULAR DE BOLIVIA S A  TELECEL S A ,TELECEL S.A.,,,PREPAGO,30,DIA,PAQUETIGO 100,100,5,0,PAQUETES
6668,EMPRESA DE TELECOMUNICACIONES NUEVATEL PCS DE BOLIVIA S A  NUEVATEL PCS DE BOLIVIA S A ,NUEVATEL PCS,,,PREPAGO,1,MES,ADD ON MINUTOS SUPER WOW,0,79,105,VOZ
6669,EMPRESA DE TELECOMUNICACIONES NUEVATEL PCS DE BOLIVIA S A  NUEVATEL PCS DE BOLIVIA S A ,NUEVATEL PCS,,,PREPAGO,1,MES,ADD ON MINUTOS ULTRA WOW,0,149,210,VOZ
6670,EMPRESA DE TELECOMUNICACIONES NUEVATEL PCS DE BOLIVIA S A  NUEVATEL PCS DE BOLIVIA S A ,NUEVATEL PCS,,,PREPAGO,1,MES,ADD ON MINUTOS WOW,0,39,50,VOZ
6681,EMPRESA DE TELECOMUNICACIONES NUEVATEL PCS DE BOLIVIA S A  NUEVATEL PCS DE BOLIVIA S A ,NUEVATEL PCS,,,PREPAGO,2,HORA,TELE ESTUDIO Y TRABAJO ILIMITADO,0,1.8,0,PAQUETES
6682,EMPRESA DE TELECOMUNICACIONES NUEVATEL PCS DE BOLIVIA S A  NUEVATEL PCS DE BOLIVIA S A ,NUEVATEL PCS,,,PREPAGO,1,HORA,MB ILIMITADOS X 1 HORA,0,2,0,PAQUETES
665,TELEFONICA CELULAR DE BOLIVIA S A  TELECEL S A ,TELECEL S.A.,,,POSTPAGO,,,TODOS LOS PLANES DEL SERVICIO MOVIL  DE TELECEL S A ,1,0.14,,INTERNET MOVIL
1275,TELEFONICA CELULAR DE BOLIVIA S A  TELECEL S A ,TELECEL S.A.,,,POSTPAGO,60,dias,PLAN   TIGO M2M INTERMEDIO,312,25,0,PAQUETES
3552,TELEFONICA CELULAR DE BOLIVIA S A  TELECEL S A ,TELECEL S.A.,,,PREPAGO,0,DIA,ACTIVACI  N DE MEGAS ACUMULADOS,0,0,0,PAQUETES
4266,TELEFONICA CELULAR DE BOLIVIA S A  TELECEL S A ,TELECEL S.A.,,,PREPAGO,30,DIA,PAQUETIGO WHATSAPP LLAMADAS,0,35,0,PAQUETES
5378,TELEFONICA CELULAR DE BOLIVIA S A  TELECEL S A ,TELECEL S.A.,,,PREPAGO,72,HORA,PAQUETIGO 3 DIAS  72 HORAS ,660,10,0,COMBOS
6229,EMPRESA DE TELECOMUNICACIONES NUEVATEL PCS DE BOLIVIA S A  NUEVATEL PCS DE BOLIVIA S A ,NUEVATEL PCS,,,PREPAGO,15,DIA,1GB VIDEO X15DX55BS,1000,55,0,PAQUETES
6230,EMPRESA DE TELECOMUNICACIONES NUEVATEL PCS DE BOLIVIA S A  NUEVATEL PCS DE BOLIVIA S A ,NUEVATEL PCS,,,PREPAGO,15,DIA,1GB RRSS X15DX70BS,1000,70,0,PAQUETES
6232,EMPRESA DE TELECOMUNICACIONES NUEVATEL PCS DE BOLIVIA S A  NUEVATEL PCS DE BOLIVIA S A ,NUEVATEL PCS,,,PREPAGO,6,HORA,ILIMITADA DE TIEMPO 6 HRS X 5 9BS,0,5.9,0,PAQUETES
5380,TELEFONICA CELULAR DE BOLIVIA S A  TELECEL S A ,TELECEL S.A.,,,PREPAGO,5,HORA,PAQUETIGO NOCTURNO,1700,5.5,0,PAQUETES
5558,EMPRESA DE TELECOMUNICACIONES NUEVATEL PCS DE BOLIVIA S A  NUEVATEL PCS DE BOLIVIA S A ,NUEVATEL PCS,,,POSTPAGO,,,V INTERNET   300,18000,300,,INTERNET MOVIL
2788,EMPRESA NACIONAL ENTEL S A ,ENTEL S.A.,,,POSTPAGO,24,HORA,PAQUETE 4G  14,2560,14,0,PAQUETES
2812,EMPRESA NACIONAL ENTEL S A ,ENTEL S.A.,,,PREPAGO,30,DIA,PAQUETE 4G POST   98,10240,98,0,PAQUETES
5603,EMPRESA DE TELECOMUNICACIONES NUEVATEL PCS DE BOLIVIA S A  NUEVATEL PCS DE BOLIVIA S A ,NUEVATEL PCS,,,PREPAGO,10,HORA,NOCTURNA DIARIA,0,4.9,0,PAQUETES
2807,EMPRESA NACIONAL ENTEL S A ,ENTEL S.A.,,,POSTPAGO,24,HORA,PAQUETE 4G   6,1024,6,0,PAQUETES
5374,TELEFONICA CELULAR DE BOLIVIA S A  TELECEL S A ,TELECEL S.A.,,,PREPAGO,24,HORA,PAQUETIGO D  A  24 HORAS ,370,5.5,0,COMBOS
6733,EMPRESA DE TELECOMUNICACIONES NUEVATEL PCS DE BOLIVIA S A  NUEVATEL PCS DE BOLIVIA S A ,NUEVATEL PCS,,,PREPAGO,10,HORA,NOCTURNA ILIMITADA 21 00 A 6 59 AM X4 9BS,0,4.9,0,PAQUETES
2912,EMPRESA NACIONAL ENTEL S A ,ENTEL S.A.,,,POSTPAGO,10,DIA,NAVEGADOR 15,1536,15,4,COMBOS
5632,EMPRESA DE TELECOMUNICACIONES NUEVATEL PCS DE BOLIVIA S A  NUEVATEL PCS DE BOLIVIA S A ,NUEVATEL PCS,,,POSTPAGO,1,MES,ADD ON VOZ ILIMITADA,0,500,0,VOZ
5633,EMPRESA DE TELECOMUNICACIONES NUEVATEL PCS DE BOLIVIA S A  NUEVATEL PCS DE BOLIVIA S A ,NUEVATEL PCS,,,PREPAGO,10,DIA,BOLSA DE VOZ   10 D  AS,0,17.5,19.4,VOZ
5479,EMPRESA DE TELECOMUNICACIONES NUEVATEL PCS DE BOLIVIA S A  NUEVATEL PCS DE BOLIVIA S A ,NUEVATEL PCS,,,POSTPAGO,,,COMPARTIDO L,45000,700,,INTERNET MOVIL
5634,EMPRESA DE TELECOMUNICACIONES NUEVATEL PCS DE BOLIVIA S A  NUEVATEL PCS DE BOLIVIA S A ,NUEVATEL PCS,,,PREPAGO,1,DIA,BOLSA DE VOZ   1 D  A,0,2,2.25,VOZ
5635,EMPRESA DE TELECOMUNICACIONES NUEVATEL PCS DE BOLIVIA S A  NUEVATEL PCS DE BOLIVIA S A ,NUEVATEL PCS,,,PREPAGO,2,DIA,BOLSA DE VOZ   2 D  AS,0,4,4.5,VOZ
5480,EMPRESA DE TELECOMUNICACIONES NUEVATEL PCS DE BOLIVIA S A  NUEVATEL PCS DE BOLIVIA S A ,NUEVATEL PCS,,,POSTPAGO,,,COMPARTIDO M,30000,550,,INTERNET MOVIL
6739,TELEFONICA CELULAR DE BOLIVIA S A  TELECEL S A ,TELECEL S.A.,,,POSTPAGO,1,MES,ADD ON MAS MEGAS BS  65XMB 3000,3000,65,0,PAQUETES
5636,EMPRESA DE TELECOMUNICACIONES NUEVATEL PCS DE BOLIVIA S A  NUEVATEL PCS DE BOLIVIA S A ,NUEVATEL PCS,,,PREPAGO,5,DIA,BOLSA DE VOZ   5 D  AS,0,9.5,10.41,VOZ
7838,EMPRESA DE TELECOMUNICACIONES NUEVATEL PCS DE BOLIVIA S A  NUEVATEL PCS DE BOLIVIA S A ,NUEVATEL PCS,,,PREPAGO,1,HORA,1 HORA X 2 BS,0,2,0,PAQUETES
5559,EMPRESA DE TELECOMUNICACIONES NUEVATEL PCS DE BOLIVIA S A  NUEVATEL PCS DE BOLIVIA S A ,NUEVATEL PCS,,,POSTPAGO,,,V INTERNET   5,500,5,,INTERNET MOVIL
5637,EMPRESA DE TELECOMUNICACIONES NUEVATEL PCS DE BOLIVIA S A  NUEVATEL PCS DE BOLIVIA S A ,NUEVATEL PCS,,,PREPAGO,30,DIA,N  MERO AMIGO,0,10,0,VOZ
5549,EMPRESA DE TELECOMUNICACIONES NUEVATEL PCS DE BOLIVIA S A  NUEVATEL PCS DE BOLIVIA S A ,NUEVATEL PCS,,,POSTPAGO,,,CORPORATIVO S,78750,629,,INTERNET MOVIL
5550,EMPRESA DE TELECOMUNICACIONES NUEVATEL PCS DE BOLIVIA S A  NUEVATEL PCS DE BOLIVIA S A ,NUEVATEL PCS,,,POSTPAGO,,,CORPORATIVO XL,846154,5499,,INTERNET MOVIL
5551,EMPRESA DE TELECOMUNICACIONES NUEVATEL PCS DE BOLIVIA S A  NUEVATEL PCS DE BOLIVIA S A ,NUEVATEL PCS,,,POSTPAGO,,,CORPORATIVO XXL,1666667,9999,,INTERNET MOVIL
6734,TELEFONICA CELULAR DE BOLIVIA S A  TELECEL S A ,TELECEL S.A.,,,POSTPAGO,1,MES,ADD ON M  S MEGAS BS  100 X MB 6000,6000,100,0,PAQUETES
6735,TELEFONICA CELULAR DE BOLIVIA S A  TELECEL S A ,TELECEL S.A.,,,POSTPAGO,1,MES,ADD ON MAS MEGAS BS  250XMB 16000,16000,250,0,PAQUETES
5371,TELEFONICA CELULAR DE BOLIVIA S A  TELECEL S A ,TELECEL S.A.,,,PREPAGO,24,HORA,PAQUETIGO DIA  24 HORAS ,55,2,0,PAQUETES
5379,TELEFONICA CELULAR DE BOLIVIA S A  TELECEL S A ,TELECEL S.A.,,,PREPAGO,5,HORA,PAQUETIGOS NOCTURNOS,800,4.5,0,PAQUETES
6736,TELEFONICA CELULAR DE BOLIVIA S A  TELECEL S A ,TELECEL S.A.,,,POSTPAGO,1,MES,ADD ON MAS MEGAS BS  30XMB 1000,1000,30,0,PAQUETES
5373,TELEFONICA CELULAR DE BOLIVIA S A  TELECEL S A ,TELECEL S.A.,,,PREPAGO,24,HORA,PAQUETIGO D  A  24 HORAS ,150,2.5,0,COMBOS
5552,EMPRESA DE TELECOMUNICACIONES NUEVATEL PCS DE BOLIVIA S A  NUEVATEL PCS DE BOLIVIA S A ,NUEVATEL PCS,,,POSTPAGO,,,CORPORATIVO XXXL,3000000,14999,,INTERNET MOVIL
5553,EMPRESA DE TELECOMUNICACIONES NUEVATEL PCS DE BOLIVIA S A  NUEVATEL PCS DE BOLIVIA S A ,NUEVATEL PCS,,,POSTPAGO,,,V INTERNET   10,1000,10,,INTERNET MOVIL
5554,EMPRESA DE TELECOMUNICACIONES NUEVATEL PCS DE BOLIVIA S A  NUEVATEL PCS DE BOLIVIA S A ,NUEVATEL PCS,,,POSTPAGO,,,V INTERNET   100,9000,100,,INTERNET MOVIL
5555,EMPRESA DE TELECOMUNICACIONES NUEVATEL PCS DE BOLIVIA S A  NUEVATEL PCS DE BOLIVIA S A ,NUEVATEL PCS,,,POSTPAGO,,,V INTERNET   200,12000,200,,INTERNET MOVIL
5556,EMPRESA DE TELECOMUNICACIONES NUEVATEL PCS DE BOLIVIA S A  NUEVATEL PCS DE BOLIVIA S A ,NUEVATEL PCS,,,POSTPAGO,,,V INTERNET   2 5,250,2.5,,INTERNET MOVIL
5557,EMPRESA DE TELECOMUNICACIONES NUEVATEL PCS DE BOLIVIA S A  NUEVATEL PCS DE BOLIVIA S A ,NUEVATEL PCS,,,POSTPAGO,,,V INTERNET   30,3000,30,,INTERNET MOVIL
7839,EMPRESA DE TELECOMUNICACIONES NUEVATEL PCS DE BOLIVIA S A  NUEVATEL PCS DE BOLIVIA S A ,NUEVATEL PCS,,,PREPAGO,6,HORA,6 HORAS X 5 9 BS,0,5.9,0,PAQUETES
5546,EMPRESA DE TELECOMUNICACIONES NUEVATEL PCS DE BOLIVIA S A  NUEVATEL PCS DE BOLIVIA S A ,NUEVATEL PCS,,,POSTPAGO,,,COMPARTIDO S,21000,450,,INTERNET MOVIL
5547,EMPRESA DE TELECOMUNICACIONES NUEVATEL PCS DE BOLIVIA S A  NUEVATEL PCS DE BOLIVIA S A ,NUEVATEL PCS,,,POSTPAGO,,,CORPORATIVO L,428571,2999,,INTERNET MOVIL
5548,EMPRESA DE TELECOMUNICACIONES NUEVATEL PCS DE BOLIVIA S A  NUEVATEL PCS DE BOLIVIA S A ,NUEVATEL PCS,,,POSTPAGO,,,CORPORATIVO M,166667,1249,,INTERNET MOVIL
5560,EMPRESA DE TELECOMUNICACIONES NUEVATEL PCS DE BOLIVIA S A  NUEVATEL PCS DE BOLIVIA S A ,NUEVATEL PCS,,,POSTPAGO,,,V INTERNET   50,5000,50,,INTERNET MOVIL
5561,EMPRESA DE TELECOMUNICACIONES NUEVATEL PCS DE BOLIVIA S A  NUEVATEL PCS DE BOLIVIA S A ,NUEVATEL PCS,,,POSTPAGO,,,V INTERNET   7,700,7,,INTERNET MOVIL
5564,EMPRESA DE TELECOMUNICACIONES NUEVATEL PCS DE BOLIVIA S A  NUEVATEL PCS DE BOLIVIA S A ,NUEVATEL PCS,,,POSTPAGO,1,MES,ADD ON EMPRENDEDOR,0,600,0,PAQUETES
5565,EMPRESA DE TELECOMUNICACIONES NUEVATEL PCS DE BOLIVIA S A  NUEVATEL PCS DE BOLIVIA S A ,NUEVATEL PCS,,,POSTPAGO,1,MES,ADD ON GAMER,0,69,0,PAQUETES
5567,EMPRESA DE TELECOMUNICACIONES NUEVATEL PCS DE BOLIVIA S A  NUEVATEL PCS DE BOLIVIA S A ,NUEVATEL PCS,,,POSTPAGO,1,MES,ADD ON ILIMITADO,0,300,0,PAQUETES
5568,EMPRESA DE TELECOMUNICACIONES NUEVATEL PCS DE BOLIVIA S A  NUEVATEL PCS DE BOLIVIA S A ,NUEVATEL PCS,,,POSTPAGO,1,MES,ADD ON ILIMITADO PLUS,0,600,0,PAQUETES
5569,EMPRESA DE TELECOMUNICACIONES NUEVATEL PCS DE BOLIVIA S A  NUEVATEL PCS DE BOLIVIA S A ,NUEVATEL PCS,,,POSTPAGO,12,HORA,ADD ON NOCTURNO,0,29,0,PAQUETES
5571,EMPRESA DE TELECOMUNICACIONES NUEVATEL PCS DE BOLIVIA S A  NUEVATEL PCS DE BOLIVIA S A ,NUEVATEL PCS,,,POSTPAGO,1,MES,ADD ON TELE ESTUDIO Y TELETRABAJO,0,19,0,PAQUETES
6737,TELEFONICA CELULAR DE BOLIVIA S A  TELECEL S A ,TELECEL S.A.,,,POSTPAGO,1,MES,ADD ON MAS MEGAS BS  35XMB 1200,1200,35,0,PAQUETES
5610,EMPRESA DE TELECOMUNICACIONES NUEVATEL PCS DE BOLIVIA S A  NUEVATEL PCS DE BOLIVIA S A ,NUEVATEL PCS,,,POSTPAGO,1,MES,PASE LIBRE REDES SOCIALES,0,49,0,PAQUETES
5611,EMPRESA DE TELECOMUNICACIONES NUEVATEL PCS DE BOLIVIA S A  NUEVATEL PCS DE BOLIVIA S A ,NUEVATEL PCS,,,POSTPAGO,1,MES,PASE LIBRE VIDEO,0,49,0,PAQUETES
5566,EMPRESA DE TELECOMUNICACIONES NUEVATEL PCS DE BOLIVIA S A  NUEVATEL PCS DE BOLIVIA S A ,NUEVATEL PCS,,,POSTPAGO,30,DIA,ADD ON HYPE MUSIC FULL CAT  LOGO   MULTIDEVICE,0,25,0,PAQUETES
6738,TELEFONICA CELULAR DE BOLIVIA S A  TELECEL S A ,TELECEL S.A.,,,POSTPAGO,1,MES,ADD ON MAS MEGAS BS  55XMB 2000,2000,55,0,PAQUETES
6740,TELEFONICA CELULAR DE BOLIVIA S A  TELECEL S A ,TELECEL S.A.,,,POSTPAGO,1,MES,ADD ON M  S MEGAS BS  85 X MB 5000,5000,85,0,PAQUETES
6961,TELEFONICA CELULAR DE BOLIVIA S A  TELECEL S A ,TELECEL S.A.,,,PREPAGO,7,DIA,PAQUETIGO 3800,3800,48,0,PAQUETES
5905,EMPRESA NACIONAL ENTEL S A ,ENTEL S.A.,,,POSTPAGO,,,4G POST   198,25600,198,,INTERNET MOVIL
5913,EMPRESA NACIONAL ENTEL S A ,ENTEL S.A.,,,POSTPAGO,,,4G POST   50,5120,50,,INTERNET MOVIL
4367,TELEFONICA CELULAR DE BOLIVIA S A  TELECEL S A ,TELECEL S.A.,,,PREPAGO,72,HORA,PAQUETIGO 4400,4400,35,0,PAQUETES
4842,TELEFONICA CELULAR DE BOLIVIA S A  TELECEL S A ,TELECEL S.A.,,,POSTPAGO,,,ADD ON GAMER POST PAGO,0,35,,INTERNET MOVIL
2819,EMPRESA NACIONAL ENTEL S A ,ENTEL S.A.,,,POSTPAGO,,,PAQUETE CORP   230,55296,230,,INTERNET MOVIL
2818,EMPRESA NACIONAL ENTEL S A ,ENTEL S.A.,,,POSTPAGO,,,PAQUETE CORP   200,45056,200,,INTERNET MOVIL
6962,TELEFONICA CELULAR DE BOLIVIA S A  TELECEL S A ,TELECEL S.A.,,,PREPAGO,7,DIA,PAQUETIGO 8800,8800,90,0,PAQUETES
3115,TELEFONICA CELULAR DE BOLIVIA S A  TELECEL S A ,TELECEL S.A.,,,POSTPAGO,,,ADD ON M  S MEGAS 150 PLUS,32000,150,,INTERNET MOVIL
3112,TELEFONICA CELULAR DE BOLIVIA S A  TELECEL S A ,TELECEL S.A.,,,POSTPAGO,,,ADD ON M  S MEGAS 50 PLUS,8000,50,,INTERNET MOVIL
3117,TELEFONICA CELULAR DE BOLIVIA S A  TELECEL S A ,TELECEL S.A.,,,POSTPAGO,,,ADD ON M  S MEGAS 300 PLUS,75000,300,,INTERNET MOVIL
6226,EMPRESA DE TELECOMUNICACIONES NUEVATEL PCS DE BOLIVIA S A  NUEVATEL PCS DE BOLIVIA S A ,NUEVATEL PCS,,,PREPAGO,24,HORA,VIDEO STREAMING  YOUTUBE   AMAZON   NETFLIX   PLUTO   PARAMOUNT  X24HRSX5 9BS,1,5.9,0,PAQUETES
6225,EMPRESA DE TELECOMUNICACIONES NUEVATEL PCS DE BOLIVIA S A  NUEVATEL PCS DE BOLIVIA S A ,NUEVATEL PCS,,,PREPAGO,24,HORA,WTF X 24HRS X 3 9BS,1,3.9,0,PAQUETES
6224,EMPRESA DE TELECOMUNICACIONES NUEVATEL PCS DE BOLIVIA S A  NUEVATEL PCS DE BOLIVIA S A ,NUEVATEL PCS,,,PREPAGO,24,HORA,WHATSAPPFULL X 24HRS X 2BS,1,2,0,PAQUETES
7369,TELEFONICA CELULAR DE BOLIVIA S A  TELECEL S A ,TELECEL S.A.,,,PREPAGO,7,DIA,WHATSAPP ILIMITADO SEMANA,0,8,0,PAQUETES
6794,EMPRESA DE TELECOMUNICACIONES NUEVATEL PCS DE BOLIVIA S A  NUEVATEL PCS DE BOLIVIA S A ,NUEVATEL PCS,,,PREPAGO,,,  WOW ,0,199,,INTERNET MOVIL
7214,TELEFONICA CELULAR DE BOLIVIA S A  TELECEL S A ,TELECEL S.A.,,,POSTPAGO,,,GSM PLAN 100 LTE B  SICO BS 245,0,245,,INTERNET MOVIL
7217,TELEFONICA CELULAR DE BOLIVIA S A  TELECEL S A ,TELECEL S.A.,,,POSTPAGO,,,GSM PLAN 103 LTE PREMIUM BS 645,0,645,,INTERNET MOVIL
6958,TELEFONICA CELULAR DE BOLIVIA S A  TELECEL S A ,TELECEL S.A.,,,POSTPAGO,,,ADD ON TELETRABAJO Y TELEDUCACI  N ,0,35,,INTERNET MOVIL
7215,TELEFONICA CELULAR DE BOLIVIA S A  TELECEL S A ,TELECEL S.A.,,,POSTPAGO,,,GSM PLAN 101 LTE INTERMEDIO BS 345,0,345,,INTERNET MOVIL
7216,TELEFONICA CELULAR DE BOLIVIA S A  TELECEL S A ,TELECEL S.A.,,,POSTPAGO,,,GSM PLAN 102 LTE AVANZADO BS 445,0,445,,INTERNET MOVIL
7219,TELEFONICA CELULAR DE BOLIVIA S A  TELECEL S A ,TELECEL S.A.,,,POSTPAGO,,,PLAN F  CIL LTE X SMALL  BS  195,0,195,,INTERNET MOVIL
7221,TELEFONICA CELULAR DE BOLIVIA S A  TELECEL S A ,TELECEL S.A.,,,POSTPAGO,,,PLAN F  CIL LTE MEDIUM  BS  345,0,345,,INTERNET MOVIL
7228,TELEFONICA CELULAR DE BOLIVIA S A  TELECEL S A ,TELECEL S.A.,,,POSTPAGO,,,PLAN  TIGO M2M B  SICO,0,35,,INTERNET MOVIL
7222,TELEFONICA CELULAR DE BOLIVIA S A  TELECEL S A ,TELECEL S.A.,,,POSTPAGO,,,PLAN F  CIL LTE LARGE  BS  445,0,445,,INTERNET MOVIL
7220,TELEFONICA CELULAR DE BOLIVIA S A  TELECEL S A ,TELECEL S.A.,,,POSTPAGO,,,PLAN F  CIL LTE SMALL  BS  245,0,245,,INTERNET MOVIL
7223,TELEFONICA CELULAR DE BOLIVIA S A  TELECEL S A ,TELECEL S.A.,,,POSTPAGO,,,PLAN F  CIL LTE X LARGE  BS  645,0,645,,INTERNET MOVIL
7226,TELEFONICA CELULAR DE BOLIVIA S A  TELECEL S A ,TELECEL S.A.,,,POSTPAGO,,,BOLSA DE MB NEGOCIO,2000000,19200,,INTERNET MOVIL
7224,TELEFONICA CELULAR DE BOLIVIA S A  TELECEL S A ,TELECEL S.A.,,,POSTPAGO,,,BOLSA DE MB CORPORACIONES,10000000,84000,,INTERNET MOVIL
7225,TELEFONICA CELULAR DE BOLIVIA S A  TELECEL S A ,TELECEL S.A.,,,POSTPAGO,,,BOLSA DE MB EMPRESA,8000000,73600,,INTERNET MOVIL
7252,TELEFONICA CELULAR DE BOLIVIA S A  TELECEL S A ,TELECEL S.A.,,,POSTPAGO,,,PLAN TIGO M2M INICIAL,0,45,,INTERNET MOVIL
7253,TELEFONICA CELULAR DE BOLIVIA S A  TELECEL S A ,TELECEL S.A.,,,POSTPAGO,,,PLAN  TIGO M2M INTERMEDIO,0,25,,INTERNET MOVIL
7254,TELEFONICA CELULAR DE BOLIVIA S A  TELECEL S A ,TELECEL S.A.,,,POSTPAGO,,,PLAN  TIGO M2M SUPERIOR,0,15,,INTERNET MOVIL
7368,TELEFONICA CELULAR DE BOLIVIA S A  TELECEL S A ,TELECEL S.A.,,,PREPAGO,30,DIA,MEGA PAQUETIGO 1100,1100,33,0,PAQUETES
7348,TELEFONICA CELULAR DE BOLIVIA S A  TELECEL S A ,TELECEL S.A.,,,POSTPAGO,,,PLAN  TIGO M2M AVANZADO,0,7,,INTERNET MOVIL
13644,TELEFONICA CELULAR DE BOLIVIA S A  TELECEL S A ,TELECEL S.A.,,,PREPAGO,24,HORA,PAQUETIGO DE INTERNET RECARGADOS 2,750,10,0,PAQUETES
13635,TELEFONICA CELULAR DE BOLIVIA S A  TELECEL S A ,TELECEL S.A.,,,PREPAGO,24,HORA,PAQUETIGO DIA,450,6,0,PAQUETES
13645,TELEFONICA CELULAR DE BOLIVIA S A  TELECEL S A ,TELECEL S.A.,,,PREPAGO,24,HORA,PAQUETIGO DE INTERNET RECARGADOS 3,1500,18.5,0,PAQUETES
13637,TELEFONICA CELULAR DE BOLIVIA S A  TELECEL S A ,TELECEL S.A.,,,PREPAGO,24,HORA,PAQUETIGO DIA,500,6.4,0,PAQUETES
7486,TELEFONICA CELULAR DE BOLIVIA S A  TELECEL S A ,TELECEL S.A.,,,PREPAGO,24,HORA,PAQUETIGO ILIMITADO VASTRIX,0,10,0,PAQUETES
7487,TELEFONICA CELULAR DE BOLIVIA S A  TELECEL S A ,TELECEL S.A.,,,PREPAGO,48,HORA,PAQUETIGO ILIMITADO VASTRIX,0,20,0,PAQUETES
7488,TELEFONICA CELULAR DE BOLIVIA S A  TELECEL S A ,TELECEL S.A.,,,PREPAGO,96,HORA,PAQUETIGO ILIMITADO VASTRIX,0,30,0,PAQUETES
7832,TELEFONICA CELULAR DE BOLIVIA S A  TELECEL S A ,TELECEL S.A.,,,PREPAGO,5,DIA,MEGA PAQUETIGO 3800,3800,49,0,PAQUETES
7847,EMPRESA DE TELECOMUNICACIONES NUEVATEL PCS DE BOLIVIA S A  NUEVATEL PCS DE BOLIVIA S A ,NUEVATEL PCS,,,PREPAGO,24,HORA,WHATSAPP   TIKTOK   FB   INSTA X 24 HRS X 5 9 BS,0,5.9,0,PAQUETES
13639,TELEFONICA CELULAR DE BOLIVIA S A  TELECEL S A ,TELECEL S.A.,,,PREPAGO,24,HORA,PAQUETIGO DIA,800,10.3,0,PAQUETES
7856,EMPRESA DE TELECOMUNICACIONES NUEVATEL PCS DE BOLIVIA S A  NUEVATEL PCS DE BOLIVIA S A ,NUEVATEL PCS,,,PREPAGO,6,HORA,ZOOM MEET TEAMS CLASS MOODLE WEBEX X 6 HRS X 4 BS,0,4,0,PAQUETES
7855,EMPRESA DE TELECOMUNICACIONES NUEVATEL PCS DE BOLIVIA S A  NUEVATEL PCS DE BOLIVIA S A ,NUEVATEL PCS,,,PREPAGO,2,HORA,ZOOM MEET TEAMS CLASS MOODLE WEBEX X 2 HRS X 1 80 BS,0,1.8,0,PAQUETES
13640,TELEFONICA CELULAR DE BOLIVIA S A  TELECEL S A ,TELECEL S.A.,,,PREPAGO,24,HORA,PAQUETIGO DIA,1600,20.3,0,PAQUETES
7843,EMPRESA DE TELECOMUNICACIONES NUEVATEL PCS DE BOLIVIA S A  NUEVATEL PCS DE BOLIVIA S A ,NUEVATEL PCS,,,PREPAGO,6,HORA,NOCTURNO 21 00 A 6 59 AM X 4 9 BS,0,4.9,0,PAQUETES
13641,TELEFONICA CELULAR DE BOLIVIA S A  TELECEL S A ,TELECEL S.A.,,,PREPAGO,24,HORA,PAQUETIGO DIA,1100,14.2,0,PAQUETES
7874,TELEFONICA CELULAR DE BOLIVIA S A  TELECEL S A ,TELECEL S.A.,,,PREPAGO,5,DIA,MEGA PAQUETIGO 800,800,12,0,PAQUETES
7889,EMPRESA DE TELECOMUNICACIONES NUEVATEL PCS DE BOLIVIA S A  NUEVATEL PCS DE BOLIVIA S A ,NUEVATEL PCS,,,PREPAGO,24,HORA,800 MB X 6 BS,800,6,0,PAQUETES
7887,EMPRESA DE TELECOMUNICACIONES NUEVATEL PCS DE BOLIVIA S A  NUEVATEL PCS DE BOLIVIA S A ,NUEVATEL PCS,,,PREPAGO,24,HORA,370 X 3BS,370,3,0,PAQUETES
7920,EMPRESA DE TELECOMUNICACIONES NUEVATEL PCS DE BOLIVIA S A  NUEVATEL PCS DE BOLIVIA S A ,NUEVATEL PCS,,,PREPAGO,120,HORA,B   INSTA X 5 D  AS X 12 BS,0,12,0,PAQUETES
7919,EMPRESA DE TELECOMUNICACIONES NUEVATEL PCS DE BOLIVIA S A  NUEVATEL PCS DE BOLIVIA S A ,NUEVATEL PCS,,,PREPAGO,168,HORA,WHATSAPP CHAT,0,8,0,PAQUETES
12683,EMPRESA DE TELECOMUNICACIONES NUEVATEL PCS DE BOLIVIA S A  NUEVATEL PCS DE BOLIVIA S A ,NUEVATEL PCS,,,PREPAGO,5,DIA,YEII 10,1500,10,0,PAQUETES
13647,TELEFONICA CELULAR DE BOLIVIA S A  TELECEL S A ,TELECEL S.A.,,,PREPAGO,1,DIA,PAQUETIGO FACEBOOK,0,12.1,0,PAQUETES
12684,EMPRESA DE TELECOMUNICACIONES NUEVATEL PCS DE BOLIVIA S A  NUEVATEL PCS DE BOLIVIA S A ,NUEVATEL PCS,,,PREPAGO,10,DIA,YEII 20,3200,20,0,PAQUETES
12685,EMPRESA DE TELECOMUNICACIONES NUEVATEL PCS DE BOLIVIA S A  NUEVATEL PCS DE BOLIVIA S A ,NUEVATEL PCS,,,PREPAGO,15,DIA,YEII 30,5200,30,0,PAQUETES
13649,TELEFONICA CELULAR DE BOLIVIA S A  TELECEL S A ,TELECEL S.A.,,,PREPAGO,72,HORA,1000 MEGAS,1000,13,0,PAQUETES
13651,TELEFONICA CELULAR DE BOLIVIA S A  TELECEL S A ,TELECEL S.A.,,,PREPAGO,72,HORA,PAQUETIGO 600 X 3 DIAS,600,8.5,0,PAQUETES
13652,TELEFONICA CELULAR DE BOLIVIA S A  TELECEL S A ,TELECEL S.A.,,,PREPAGO,72,HORA,PAQUETIGO 1200 X 3 DIAS,1200,16.5,0,PAQUETES
13653,TELEFONICA CELULAR DE BOLIVIA S A  TELECEL S A ,TELECEL S.A.,,,PREPAGO,72,HORA,PAQUETIGO 100,100,1.5,0,PAQUETES
13657,TELEFONICA CELULAR DE BOLIVIA S A  TELECEL S A ,TELECEL S.A.,,,PREPAGO,720,HORA,PAQUETIGO MES  720 HORAS ,4000,120,0,PAQUETES
13648,TELEFONICA CELULAR DE BOLIVIA S A  TELECEL S A ,TELECEL S.A.,,,PREPAGO,3,DIA,PAQUETIGO 3 DIAS,900,12,0,PAQUETES
13656,TELEFONICA CELULAR DE BOLIVIA S A  TELECEL S A ,TELECEL S.A.,,,PREPAGO,7,DIA,PAQUETIGO SEMANAL,1200,35,0,PAQUETES
13643,TELEFONICA CELULAR DE BOLIVIA S A  TELECEL S A ,TELECEL S.A.,,,PREPAGO,24,HORA,PAQUETIGO DIA,3200,36.6,0,PAQUETES
13642,TELEFONICA CELULAR DE BOLIVIA S A  TELECEL S A ,TELECEL S.A.,,,PREPAGO,24,HORA,PAQUETIGO DIA,6400,73.2,0,PAQUETES
8049,TELEFONICA CELULAR DE BOLIVIA S A  TELECEL S A ,TELECEL S.A.,,,PREPAGO,5,DIA,MEGA PAQUETIGO 1800,1800,26,0,PAQUETES
13638,TELEFONICA CELULAR DE BOLIVIA S A  TELECEL S A ,TELECEL S.A.,,,PREPAGO,24,HORA,PAQUETIGO DIA,550,7.1,0,PAQUETES
13636,TELEFONICA CELULAR DE BOLIVIA S A  TELECEL S A ,TELECEL S.A.,,,PREPAGO,24,HORA,PAQUETIGO DIA,3000,35,0,PAQUETES
13654,TELEFONICA CELULAR DE BOLIVIA S A  TELECEL S A ,TELECEL S.A.,,,POSTPAGO,72,HORA,PAQUETIGO 1700   MIN,1700,21.5,1,PAQUETES
13655,TELEFONICA CELULAR DE BOLIVIA S A  TELECEL S A ,TELECEL S.A.,,,PREPAGO,5,DIA,MEGA PAQUETIGO 2000,2000,30,0,PAQUETES
11047,EMPRESA NACIONAL ENTEL S A ,ENTEL S.A.,,,POSTPAGO,15,DIA,NAVEGADOR 30,3072,30,8,COMBOS
8632,TELEFONICA CELULAR DE BOLIVIA S A  TELECEL S A ,TELECEL S.A.,,,PREPAGO,5,DIA,MEGA PAQUETIGO 100,100,2,0,PAQUETES
8633,TELEFONICA CELULAR DE BOLIVIA S A  TELECEL S A ,TELECEL S.A.,,,PREPAGO,5,DIA,MEGA PAQUETIGO 3100,3100,40,0,PAQUETES
13665,TELEFONICA CELULAR DE BOLIVIA S A  TELECEL S A ,TELECEL S.A.,,,PREPAGO,24,HORA,PAQUETIGO D  A  24 HORAS ,1500,20,0,COMBOS
8503,EMPRESA DE TELECOMUNICACIONES NUEVATEL PCS DE BOLIVIA S A  NUEVATEL PCS DE BOLIVIA S A ,NUEVATEL PCS,,,POSTPAGO,,,SOMOS WIFI POSTPAGO,0,179,,INTERNET MOVIL
8504,EMPRESA DE TELECOMUNICACIONES NUEVATEL PCS DE BOLIVIA S A  NUEVATEL PCS DE BOLIVIA S A ,NUEVATEL PCS,,,PREPAGO,,,SOMOS WIFI PREPAGO,0,179,,INTERNET MOVIL
11062,EMPRESA NACIONAL ENTEL S A ,ENTEL S.A.,,,POSTPAGO,,,4G POST   15,1536,15,,INTERNET MOVIL
11771,EMPRESA DE TELECOMUNICACIONES NUEVATEL PCS DE BOLIVIA S A  NUEVATEL PCS DE BOLIVIA S A ,NUEVATEL PCS,,,PREPAGO,30,MES,BOLSA RIDER ,0,49,0,PAQUETES
11063,EMPRESA NACIONAL ENTEL S A ,ENTEL S.A.,,,POSTPAGO,,,4G POST   198,25600,198,,INTERNET MOVIL
13698,TELEFONICA CELULAR DE BOLIVIA S A  TELECEL S A ,TELECEL S.A.,,,PREPAGO,48,HORA,PAQUETIGO 2 DIAS  48 HORAS ,380,6,0,PAQUETES
13707,TELEFONICA CELULAR DE BOLIVIA S A  TELECEL S A ,TELECEL S.A.,,,POSTPAGO,72,HORA,PAQUETIGO 2500   MIN,2500,30.3,0,PAQUETES
13705,TELEFONICA CELULAR DE BOLIVIA S A  TELECEL S A ,TELECEL S.A.,,,PREPAGO,24,HORA,PAQUETIGO DIA,350,4.8,0,PAQUETES
13703,TELEFONICA CELULAR DE BOLIVIA S A  TELECEL S A ,TELECEL S.A.,,,PREPAGO,12,HORA,PAQUETIGO NOCTURNO ILIMITADO POR 2 NOCHES,0,12,0,PAQUETES
11066,EMPRESA NACIONAL ENTEL S A ,ENTEL S.A.,,,POSTPAGO,,,PAQUETE CORP   80,15360,80,,INTERNET MOVIL
13704,TELEFONICA CELULAR DE BOLIVIA S A  TELECEL S A ,TELECEL S.A.,,,PREPAGO,5,HORA,PAQUETIGO NOCTURNO ILIMITADO,0,8,0,PAQUETES
8663,EMPRESA DE TELECOMUNICACIONES NUEVATEL PCS DE BOLIVIA S A  NUEVATEL PCS DE BOLIVIA S A ,NUEVATEL PCS,,,PREPAGO,24,HORA,BOLSA DIARIA 150MB 50MB HYPE MUSIC STATIONS,200,4,0,PAQUETES
8664,EMPRESA DE TELECOMUNICACIONES NUEVATEL PCS DE BOLIVIA S A  NUEVATEL PCS DE BOLIVIA S A ,NUEVATEL PCS,,,PREPAGO,7,DIA,BOLSA SEMANAL550MB 100MB HYPE MUSIC STATIONS,650,10,0,PAQUETES
11068,EMPRESA NACIONAL ENTEL S A ,ENTEL S.A.,,,POSTPAGO,,,PAQUETE CORP   75,12288,75,,INTERNET MOVIL
11069,EMPRESA NACIONAL ENTEL S A ,ENTEL S.A.,,,POSTPAGO,,,PAQUETE CORP   50,8192,50,,INTERNET MOVIL
8812,TELEFONICA CELULAR DE BOLIVIA S A  TELECEL S A ,TELECEL S.A.,,,PREPAGO,5,DIA,MEGA PAQUETIGO 7000,7000,80,0,PAQUETES
11581,TELEFONICA CELULAR DE BOLIVIA S A  TELECEL S A ,TELECEL S.A.,,,PREPAGO,15,DIA,2000MBX15DIASXBS40,2000,40,0,PAQUETES
11583,TELEFONICA CELULAR DE BOLIVIA S A  TELECEL S A ,TELECEL S.A.,,,PREPAGO,1,MES,2500MBX30DIASXBS75,2500,75,0,PAQUETES
11602,EMPRESA DE TELECOMUNICACIONES NUEVATEL PCS DE BOLIVIA S A  NUEVATEL PCS DE BOLIVIA S A ,NUEVATEL PCS,,,PREPAGO,360,HORA,4 GB   15 MIN   WHATSAPP X 50 BS X 15 D  AS,4000,50,15,PAQUETES
11603,EMPRESA DE TELECOMUNICACIONES NUEVATEL PCS DE BOLIVIA S A  NUEVATEL PCS DE BOLIVIA S A ,NUEVATEL PCS,,,PREPAGO,24,HORA,24 HRS X 10 BS,0,10,0,PAQUETES
11604,EMPRESA DE TELECOMUNICACIONES NUEVATEL PCS DE BOLIVIA S A  NUEVATEL PCS DE BOLIVIA S A ,NUEVATEL PCS,,,PREPAGO,72,HORA,3 D  AS X 27 BS,0,27,0,PAQUETES
11605,EMPRESA DE TELECOMUNICACIONES NUEVATEL PCS DE BOLIVIA S A  NUEVATEL PCS DE BOLIVIA S A ,NUEVATEL PCS,,,PREPAGO,168,HORA,7 D  AS X 60 BS,0,60,0,PAQUETES
11613,EMPRESA DE TELECOMUNICACIONES NUEVATEL PCS DE BOLIVIA S A  NUEVATEL PCS DE BOLIVIA S A ,NUEVATEL PCS,,,PREPAGO,168,HORA,PREMIUM 7DIASX36BS,0,36,0,PAQUETES
11615,EMPRESA DE TELECOMUNICACIONES NUEVATEL PCS DE BOLIVIA S A  NUEVATEL PCS DE BOLIVIA S A ,NUEVATEL PCS,,,PREPAGO,720,HORA,PREMIUM 30DIASX118BS,0,118,0,PAQUETES
11616,EMPRESA DE TELECOMUNICACIONES NUEVATEL PCS DE BOLIVIA S A  NUEVATEL PCS DE BOLIVIA S A ,NUEVATEL PCS,,,PREPAGO,24,HORA,WHATSAPP FULL X 24 HRS X 2 BS,0,2,0,PAQUETES
11617,EMPRESA DE TELECOMUNICACIONES NUEVATEL PCS DE BOLIVIA S A  NUEVATEL PCS DE BOLIVIA S A ,NUEVATEL PCS,,,PREPAGO,168,HORA,WHATSAPP SEMANAL X 8 BS,0,8,0,PAQUETES
11618,EMPRESA DE TELECOMUNICACIONES NUEVATEL PCS DE BOLIVIA S A  NUEVATEL PCS DE BOLIVIA S A ,NUEVATEL PCS,,,PREPAGO,720,HORA,WHATSAPP MENSUAL X 20 BS,0,20,0,PAQUETES
11620,EMPRESA DE TELECOMUNICACIONES NUEVATEL PCS DE BOLIVIA S A  NUEVATEL PCS DE BOLIVIA S A ,NUEVATEL PCS,,,PREPAGO,24,HORA,TIKTOK X 24 HRS X 3 9 BS,0,3.9,0,PAQUETES
11621,EMPRESA DE TELECOMUNICACIONES NUEVATEL PCS DE BOLIVIA S A  NUEVATEL PCS DE BOLIVIA S A ,NUEVATEL PCS,,,PREPAGO,72,HORA,TIKTOK X 72 HRS X 8 BS,0,8,0,PAQUETES
11622,EMPRESA DE TELECOMUNICACIONES NUEVATEL PCS DE BOLIVIA S A  NUEVATEL PCS DE BOLIVIA S A ,NUEVATEL PCS,,,PREPAGO,6,HORA,ZOOM MEET TEAMS CLASSMOODLE WEBEX X 6 HRS X 4 BS,0,4,0,PAQUETES
11905,EMPRESA DE TELECOMUNICACIONES NUEVATEL PCS DE BOLIVIA S A  NUEVATEL PCS DE BOLIVIA S A ,NUEVATEL PCS,,,PREPAGO,360,HORA,1 GB   RRSS X 15 D  AS X 70 BS,1000,70,0,PAQUETES
11895,EMPRESA DE TELECOMUNICACIONES NUEVATEL PCS DE BOLIVIA S A  NUEVATEL PCS DE BOLIVIA S A ,NUEVATEL PCS,,,PREPAGO,24,HORA,120 MB X 2 BS,120,2,0,PAQUETES
11910,EMPRESA DE TELECOMUNICACIONES NUEVATEL PCS DE BOLIVIA S A  NUEVATEL PCS DE BOLIVIA S A ,NUEVATEL PCS,,,PREPAGO,24,HORA,2900MB X 20BS,2900,20,0,PAQUETES
11896,EMPRESA DE TELECOMUNICACIONES NUEVATEL PCS DE BOLIVIA S A  NUEVATEL PCS DE BOLIVIA S A ,NUEVATEL PCS,,,PREPAGO,24,HORA,370 MB X 3 BS,370,3,0,PAQUETES
11906,EMPRESA DE TELECOMUNICACIONES NUEVATEL PCS DE BOLIVIA S A  NUEVATEL PCS DE BOLIVIA S A ,NUEVATEL PCS,,,PREPAGO,24,HORA,YT X 24 HRS X 3 9 BS,0,3.9,0,PAQUETES
11911,EMPRESA DE TELECOMUNICACIONES NUEVATEL PCS DE BOLIVIA S A  NUEVATEL PCS DE BOLIVIA S A ,NUEVATEL PCS,,,PREPAGO,360,HORA,4GB  15MIN  WHATSAPPX 50 BS X 15 D  AS,4000,50,15,PAQUETES
11907,EMPRESA DE TELECOMUNICACIONES NUEVATEL PCS DE BOLIVIA S A  NUEVATEL PCS DE BOLIVIA S A ,NUEVATEL PCS,,,PREPAGO,24,HORA,YT   AMZ   NFLX   PARAMOUNT   PLUTO X 24 HRS X 5 9 BS,0,5.9,0,PAQUETES
11897,EMPRESA DE TELECOMUNICACIONES NUEVATEL PCS DE BOLIVIA S A  NUEVATEL PCS DE BOLIVIA S A ,NUEVATEL PCS,,,PREPAGO,24,HORA,800 MB X 6 BS,800,6,0,PAQUETES
11904,EMPRESA DE TELECOMUNICACIONES NUEVATEL PCS DE BOLIVIA S A  NUEVATEL PCS DE BOLIVIA S A ,NUEVATEL PCS,,,PREPAGO,120,HORA,FB   INSTA X 5 D  AS X 12 BS,0,12,0,PAQUETES
11901,EMPRESA DE TELECOMUNICACIONES NUEVATEL PCS DE BOLIVIA S A  NUEVATEL PCS DE BOLIVIA S A ,NUEVATEL PCS,,,PREPAGO,24,HORA,WHATSAPP   TWITTER   FB X 24 HRS X 3 9 BS,0,3.9,0,PAQUETES
11898,EMPRESA DE TELECOMUNICACIONES NUEVATEL PCS DE BOLIVIA S A  NUEVATEL PCS DE BOLIVIA S A ,NUEVATEL PCS,,,PREPAGO,24,HORA,1400MB X 10BS,1400,10,0,PAQUETES
11908,EMPRESA DE TELECOMUNICACIONES NUEVATEL PCS DE BOLIVIA S A  NUEVATEL PCS DE BOLIVIA S A ,NUEVATEL PCS,,,PREPAGO,48,HORA,YT   AMZ   NFLX   PARAMOUNT   PLUTO X 2 D  AS X 9 BS,0,9,0,PAQUETES
11909,EMPRESA DE TELECOMUNICACIONES NUEVATEL PCS DE BOLIVIA S A  NUEVATEL PCS DE BOLIVIA S A ,NUEVATEL PCS,,,PREPAGO,360,HORA,1 GB   YT   AMZ   NFLX   PARAMOUNT   PLUTO X 15 D  AS X 55 BS,1000,55,0,PAQUETES
11902,EMPRESA DE TELECOMUNICACIONES NUEVATEL PCS DE BOLIVIA S A  NUEVATEL PCS DE BOLIVIA S A ,NUEVATEL PCS,,,PREPAGO,48,HORA,FB X 48 HRS X 4 9 BS,0,4.9,0,PAQUETES
11903,EMPRESA DE TELECOMUNICACIONES NUEVATEL PCS DE BOLIVIA S A  NUEVATEL PCS DE BOLIVIA S A ,NUEVATEL PCS,,,PREPAGO,24,HORA,RRSS  WHATSAPP   TIKTOK   FACEBOOK   INSTAGRAM  X24HRSX5 9BS,0,5.9,0,PAQUETES
11912,EMPRESA DE TELECOMUNICACIONES NUEVATEL PCS DE BOLIVIA S A  NUEVATEL PCS DE BOLIVIA S A ,NUEVATEL PCS,,,PREPAGO,24,HORA,120MB WHATSAPPX2BS,120,2,0,PAQUETES
11913,EMPRESA DE TELECOMUNICACIONES NUEVATEL PCS DE BOLIVIA S A  NUEVATEL PCS DE BOLIVIA S A ,NUEVATEL PCS,,,PREPAGO,24,HORA,370MB WHATSAPPX3BS ,370,3,0,PAQUETES
11914,EMPRESA DE TELECOMUNICACIONES NUEVATEL PCS DE BOLIVIA S A  NUEVATEL PCS DE BOLIVIA S A ,NUEVATEL PCS,,,PREPAGO,24,HORA,800MB WHATSAPPX6BS,800,6,0,PAQUETES
11915,EMPRESA DE TELECOMUNICACIONES NUEVATEL PCS DE BOLIVIA S A  NUEVATEL PCS DE BOLIVIA S A ,NUEVATEL PCS,,,PREPAGO,24,HORA,1400MB WHATSAPPX10BS ,1400,10,0,PAQUETES
11916,EMPRESA DE TELECOMUNICACIONES NUEVATEL PCS DE BOLIVIA S A  NUEVATEL PCS DE BOLIVIA S A ,NUEVATEL PCS,,,PREPAGO,24,HORA,2900MB WHATSAPPX20BS,2900,20,0,PAQUETES
11614,EMPRESA DE TELECOMUNICACIONES NUEVATEL PCS DE BOLIVIA S A  NUEVATEL PCS DE BOLIVIA S A ,NUEVATEL PCS,,,PREPAGO,360,HORA,PREMIUM 15DIASX64BS,0,64,0,PAQUETES
11611,EMPRESA DE TELECOMUNICACIONES NUEVATEL PCS DE BOLIVIA S A  NUEVATEL PCS DE BOLIVIA S A ,NUEVATEL PCS,,,PREPAGO,24,HORA,PREMIUM 24HRSX6BS,0,6,0,PAQUETES
11612,EMPRESA DE TELECOMUNICACIONES NUEVATEL PCS DE BOLIVIA S A  NUEVATEL PCS DE BOLIVIA S A ,NUEVATEL PCS,,,PREPAGO,72,HORA,PREMIUM 3DIASX17BS,0,17,0,PAQUETES
9726,TELEFONICA CELULAR DE BOLIVIA S A  TELECEL S A ,TELECEL S.A.,,,PREPAGO,72,HORA,PAQUETIGO 4500   MINUTOS ,4500,36,3,COMBOS
9725,TELEFONICA CELULAR DE BOLIVIA S A  TELECEL S A ,TELECEL S.A.,,,PREPAGO,30,DIA,PAQUETIGO 1100,1100,38,2,COMBOS
9727,TELEFONICA CELULAR DE BOLIVIA S A  TELECEL S A ,TELECEL S.A.,,,PREPAGO,72,HORA,2800,2800,32.5,1,COMBOS
9723,TELEFONICA CELULAR DE BOLIVIA S A  TELECEL S A ,TELECEL S.A.,,,PREPAGO,1,DIA,PAQUETIGOS MIXTOS MEJORADOS,100,4,5,PAQUETES
9760,TELEFONICA CELULAR DE BOLIVIA S A  TELECEL S A ,TELECEL S.A.,,,POSTPAGO,1,MES,MEGA PLAN 299,0,299,100,COMBOS
9756,TELEFONICA CELULAR DE BOLIVIA S A  TELECEL S A ,TELECEL S.A.,,,POSTPAGO,1,MES,MEGA PLAN 189,15000,189,80,COMBOS
9728,TELEFONICA CELULAR DE BOLIVIA S A  TELECEL S A ,TELECEL S.A.,,,PREPAGO,168,HORA,PAQUETIGO ILIMITADO VASTRIX,0,50,15,COMBOS
9722,TELEFONICA CELULAR DE BOLIVIA S A  TELECEL S A ,TELECEL S.A.,,,PREPAGO,0,DIA,NUEVA OFERTA DE PAQUETIGOS,55,3,2,COMBOS
9812,TELEFONICA CELULAR DE BOLIVIA S A  TELECEL S A ,TELECEL S.A.,,,POSTPAGO,2,MES,BLUE SIN LIMITE 200,1700,200,240,COMBOS
9814,TELEFONICA CELULAR DE BOLIVIA S A  TELECEL S A ,TELECEL S.A.,,,POSTPAGO,2,MES,GOLD,13500,500,330,COMBOS
9817,TELEFONICA CELULAR DE BOLIVIA S A  TELECEL S A ,TELECEL S.A.,,,POSTPAGO,2,MES,INFINITE,35000,2200,0,COMBOS
9816,TELEFONICA CELULAR DE BOLIVIA S A  TELECEL S A ,TELECEL S.A.,,,POSTPAGO,2,MES,PLATINUM,25000,1100,0,COMBOS
9813,TELEFONICA CELULAR DE BOLIVIA S A  TELECEL S A ,TELECEL S.A.,,,POSTPAGO,2,MES,BLUE SIN LIMITE 250,2000,250,300,COMBOS
9811,TELEFONICA CELULAR DE BOLIVIA S A  TELECEL S A ,TELECEL S.A.,,,POSTPAGO,2,MES,BLUE SIN LIMITE 150,1500,150,150,COMBOS
9815,TELEFONICA CELULAR DE BOLIVIA S A  TELECEL S A ,TELECEL S.A.,,,POSTPAGO,2,MES,TITANIUM,20000,750,0,COMBOS
10328,EMPRESA DE TELECOMUNICACIONES NUEVATEL PCS DE BOLIVIA S A  NUEVATEL PCS DE BOLIVIA S A ,NUEVATEL PCS,,,POSTPAGO,1,MES,DATOS EMPRESA 109,22000,109,0,PAQUETES
10329,EMPRESA DE TELECOMUNICACIONES NUEVATEL PCS DE BOLIVIA S A  NUEVATEL PCS DE BOLIVIA S A ,NUEVATEL PCS,,,POSTPAGO,1,MES,DATOS VIVA 20,200,20,0,PAQUETES
10330,EMPRESA DE TELECOMUNICACIONES NUEVATEL PCS DE BOLIVIA S A  NUEVATEL PCS DE BOLIVIA S A ,NUEVATEL PCS,,,POSTPAGO,1,MES,DATOS VIVA 60,1100,60,0,PAQUETES
10326,EMPRESA DE TELECOMUNICACIONES NUEVATEL PCS DE BOLIVIA S A  NUEVATEL PCS DE BOLIVIA S A ,NUEVATEL PCS,,,POSTPAGO,1,MES,DATOS EMPRESA 29,4000,29,0,PAQUETES
10327,EMPRESA DE TELECOMUNICACIONES NUEVATEL PCS DE BOLIVIA S A  NUEVATEL PCS DE BOLIVIA S A ,NUEVATEL PCS,,,POSTPAGO,1,MES,DATOS EMPRESA 79,15000,79,0,PAQUETES
10331,EMPRESA DE TELECOMUNICACIONES NUEVATEL PCS DE BOLIVIA S A  NUEVATEL PCS DE BOLIVIA S A ,NUEVATEL PCS,,,POSTPAGO,1,MES,DATOS VIVA 110,2500,110,0,PAQUETES
10332,EMPRESA DE TELECOMUNICACIONES NUEVATEL PCS DE BOLIVIA S A  NUEVATEL PCS DE BOLIVIA S A ,NUEVATEL PCS,,,POSTPAGO,1,MES,DATOS VIVA 190,7500,190,0,PAQUETES
10333,EMPRESA DE TELECOMUNICACIONES NUEVATEL PCS DE BOLIVIA S A  NUEVATEL PCS DE BOLIVIA S A ,NUEVATEL PCS,,,POSTPAGO,1,MES,DATOS VIVA 255,20000,255,0,PAQUETES
10335,EMPRESA DE TELECOMUNICACIONES NUEVATEL PCS DE BOLIVIA S A  NUEVATEL PCS DE BOLIVIA S A ,NUEVATEL PCS,,,POSTPAGO,1,MES,DATOS VIVA 500,60000,500,0,PAQUETES
10334,EMPRESA DE TELECOMUNICACIONES NUEVATEL PCS DE BOLIVIA S A  NUEVATEL PCS DE BOLIVIA S A ,NUEVATEL PCS,,,POSTPAGO,1,MES,DATOS VIVA 350,40000,350,0,PAQUETES
11073,EMPRESA NACIONAL ENTEL S A ,ENTEL S.A.,,,POSTPAGO,,,4G POST   50,5120,50,,INTERNET MOVIL
11074,EMPRESA NACIONAL ENTEL S A ,ENTEL S.A.,,,POSTPAGO,,,4G POST   98,10240,98,,INTERNET MOVIL
11076,EMPRESA NACIONAL ENTEL S A ,ENTEL S.A.,,,POSTPAGO,,,PAQUETE CORP   20,2560,20,,INTERNET MOVIL
11071,EMPRESA NACIONAL ENTEL S A ,ENTEL S.A.,,,POSTPAGO,,,PAQUETE CORP   280,71680,280,,INTERNET MOVIL
11077,EMPRESA NACIONAL ENTEL S A ,ENTEL S.A.,,,POSTPAGO,,,PAQUETE CORP   40,5120,40,,INTERNET MOVIL
12180,TELEFONICA CELULAR DE BOLIVIA S A  TELECEL S A ,TELECEL S.A.,,,PREPAGO,12,HORA,HOTSPOT X 12 HORAS,1000,7,0,PAQUETES
12181,TELEFONICA CELULAR DE BOLIVIA S A  TELECEL S A ,TELECEL S.A.,,,PREPAGO,2,DIA,HOTSPOT X 2 D  AS,2000,20,0,PAQUETES
12686,EMPRESA DE TELECOMUNICACIONES NUEVATEL PCS DE BOLIVIA S A  NUEVATEL PCS DE BOLIVIA S A ,NUEVATEL PCS,,,PREPAGO,24,HORA,ALVA B  SICO,0,1,0,PAQUETES
13700,TELEFONICA CELULAR DE BOLIVIA S A  TELECEL S A ,TELECEL S.A.,,,PREPAGO,168,HORA,PAQUETIGO SEMANA  168 HORAS ,1000,20,0,COMBOS
13697,TELEFONICA CELULAR DE BOLIVIA S A  TELECEL S A ,TELECEL S.A.,,,PREPAGO,24,HORA,PAQUETIGO D  A  24 HORAS ,250,5,0,COMBOS
13699,TELEFONICA CELULAR DE BOLIVIA S A  TELECEL S A ,TELECEL S.A.,,,PREPAGO,1,DIA,PAQUETIGOS MIXTOS MEJORADOS 2,350,6.5,2,COMBOS
12757,TELEFONICA CELULAR DE BOLIVIA S A  TELECEL S A ,TELECEL S.A.,,,POSTPAGO,0,MES,TELEGROUP 30,0,30,0,COMBOS
12758,TELEFONICA CELULAR DE BOLIVIA S A  TELECEL S A ,TELECEL S.A.,,,POSTPAGO,0,MES,TELEGROUP 35,0,35,0,COMBOS
12759,TELEFONICA CELULAR DE BOLIVIA S A  TELECEL S A ,TELECEL S.A.,,,POSTPAGO,0,HORA,TELEGROUP 40,0,40,0,COMBOS
13001,TELEFONICA CELULAR DE BOLIVIA S A  TELECEL S A ,TELECEL S.A.,,,POSTPAGO,,,ADD ON BS 5 ,0,5,,INTERNET MOVIL
13002,TELEFONICA CELULAR DE BOLIVIA S A  TELECEL S A ,TELECEL S.A.,,,POSTPAGO,,,ADD ON BS 10 ,0,10,,INTERNET MOVIL
13003,TELEFONICA CELULAR DE BOLIVIA S A  TELECEL S A ,TELECEL S.A.,,,POSTPAGO,,,ADD ON BS 15,0,15,,INTERNET MOVIL
13004,TELEFONICA CELULAR DE BOLIVIA S A  TELECEL S A ,TELECEL S.A.,,,POSTPAGO,,,ADD ON BS 20,0,20,,INTERNET MOVIL
13005,TELEFONICA CELULAR DE BOLIVIA S A  TELECEL S A ,TELECEL S.A.,,,POSTPAGO,,,ADD ON BS 25,0,25,,INTERNET MOVIL
13006,TELEFONICA CELULAR DE BOLIVIA S A  TELECEL S A ,TELECEL S.A.,,,POSTPAGO,,,ADD ON BS 30,0,30,,INTERNET MOVIL
13007,TELEFONICA CELULAR DE BOLIVIA S A  TELECEL S A ,TELECEL S.A.,,,POSTPAGO,,,ADD ON BS 40,0,40,,INTERNET MOVIL
13009,TELEFONICA CELULAR DE BOLIVIA S A  TELECEL S A ,TELECEL S.A.,,,POSTPAGO,,,ADDON 75BS,0,75,,INTERNET MOVIL
13010,TELEFONICA CELULAR DE BOLIVIA S A  TELECEL S A ,TELECEL S.A.,,,POSTPAGO,,,ADDON 100BS,0,100,,INTERNET MOVIL
12999,TELEFONICA CELULAR DE BOLIVIA S A  TELECEL S A ,TELECEL S.A.,,,POSTPAGO,,,LTE 180,0,180,,INTERNET MOVIL
13008,TELEFONICA CELULAR DE BOLIVIA S A  TELECEL S A ,TELECEL S.A.,,,POSTPAGO,,,ADDON 50BS,0,50,,INTERNET MOVIL
12994,TELEFONICA CELULAR DE BOLIVIA S A  TELECEL S A ,TELECEL S.A.,,,POSTPAGO,1,MES,INSTITUCIONAL PLUS,12000,155,0,COMBOS
13576,TELEFONICA CELULAR DE BOLIVIA S A  TELECEL S A ,TELECEL S.A.,,,POSTPAGO,1,MES,ADICIONAL EMPRESA DIGITAL LITE,0,115,10,COMBOS
13575,TELEFONICA CELULAR DE BOLIVIA S A  TELECEL S A ,TELECEL S.A.,,,POSTPAGO,,,ADICIONAL EMPRESA DIGITAL,0,205,,INTERNET MOVIL
13650,TELEFONICA CELULAR DE BOLIVIA S A  TELECEL S A ,TELECEL S.A.,,,PREPAGO,72,HORA,2700,2700,32,0,COMBOS
13666,TELEFONICA CELULAR DE BOLIVIA S A  TELECEL S A ,TELECEL S.A.,,,PREPAGO,1,DIA,NUEVA OFERTA PAQUETIGOS 2,10,3,4,COMBOS
13706,TELEFONICA CELULAR DE BOLIVIA S A  TELECEL S A ,TELECEL S.A.,,,POSTPAGO,48,HORA,PAQUETIGO 1GB X 48HRS X BS6,1024,6,0,PAQUETES
13708,TELEFONICA CELULAR DE BOLIVIA S A  TELECEL S A ,TELECEL S.A.,,,PREPAGO,1,MES,1500MBX30DIASXBS50,1500,50,0,PAQUETES
